Animalia, Arthropoda, Hexapoda, Insecta, Coleoptera, Cerambycidae	Phytoecia coerulescens	CACTCTTTATTTTATTTNTGGAGCATGAGCAAGAATAATAGGAACTTCCCTTAGAATTTTAATTCGATCAGAATTAGGAACNCCCGGATCCTTAATTGGTGATGACCAAATTTATAATGTAATTGTAACAGCTCATGCATTCATTATAATTTTTTTTATAGTTATACCAATTATAATTGGAGGATTTGGAAATTGACTAGTACCCCTAATACTAGGAGCCCCTGATATAGCATTTCCTCGAATAAATAATATAAGATTTTGACTTCTCCCCCCTTCCCTAAGATTATTAGTAATAAGAAGAATTGTTGACAATGGAGCAGGAACAGGTTGAACAGTTTATCCCCCTTTAGCTGCTAATGTAGCTCATAATGGTTCATCTGTAGATTTAGCAATTTTTAGCTTACATCTTGCTGGAATTTCTTCTATTTTAGGAGCAGTAAATTTTATTACTACTGTAATTAATATACGTCCAAGAGGAATAAATCTTGATCGAATACCCCTATTCGTATGAGCCGTTAAAATTACAGCTATTTTATTATTACTATCCCTTCCAGTATTAGCCGGAGCTATTACTATATTATTAACTGATCGAAATTTAAATACTTCCTTTTTTGATCCTGCTGGNNGTGGAGA	ZSM	BC ZSM COL 01099;FBCOB339-10	https://bolgermany.de/specimen/ba4fd05880e461ae0230a5b06a0fb6ce	Germany, Saar-Nahe-Bergland, Rheinland-Pfalz	49.8	7.76
Animalia, Arthropoda, Hexapoda, Insecta, Coleoptera, Cerambycidae	Phytoecia coerulescens	GCAAGAATAATAGGAACTTCCCTTAGAATTTTAATTCGATCAGAATTAGGAACCCCCGGATCCTTAATTGGTGATGACCAAATTTATAATGTAATTGTAACAGCTCATGCATTCATTATAATTTTTTTTATAGTTATACCAATTATAATTGGAGGATTTGGAAATTGACTAGTACCCCTAATACTAGGAGCCCCTGATATAGCATTTCCTCGAATAAATAATATAAGATTTTGACTTCTTCCCCCTTCCCTAAGATTATTAGTAATAAGAAGAATTGTTGACAATGGAGCAGGAACAGGTTGAACAGTTTATCCCCCTTTAGCTGCTAATGTAGCTCATAATGGTTCATCTGTAGATTTAGCAATTTTTAGCTTACATCTTGCTGGAATTTCTTCTATTTTAGGAGCAGTAAATTTTATTACTACTGTAATTAATATACGTCCAAGAGGAATAAATCTTGATCGAATACCCCTATTCGTATGAGCCGTTAAAATTACAGCTATTTTATTATTACTATCCCTTCCAGTATTAGCCGGAGCTATTACTATATTATTAACTGATCGAAATTTAAATACTTCCTTTTTTGATCCTGC	ZSM	BC ZSM COL 01100;FBCOB340-10	https://bolgermany.de/specimen/ee183f9ab0eca9b4570e3802b779d957	Saar-Nahe-Bergland, Rheinland-Pfalz, Germany	49.8	7.76
Animalia, Arthropoda, Hexapoda, Insecta, Coleoptera, Cerambycidae	Phytoecia coerulescens	TACTCTTTATTTTATTTTTGGAGCATGAGCAAGAATAATAGGAACTTCCCTTAGAATTTTAATTCGATCAGAATTAGGGACTCCCGGATCCTTAATTGGCGATGACCAGATTTATAATGTAATTGTAACAGCTCATGCATTCATTATAATTTTTTTTATAGTTATACCAATTATAATTGGAGGATTTGGAAATTGACTAGTACCCCTAATACTAGGAGCCCCTGATATAGCATTTCCTCGAATAAATAATATAAGATTTTGACTTCTCCCCCCTTCCCTAAGATTATTAGTAATAAGAAGAATTGTTGACAATGGAGCAGGAACAGGTTGAACAGTTTATCCCCCTTTAGCTGCTAATGTAGCTCATAATGGTTCATCTGTAGATTTAGCAATTTTTAGCTTACATCTTGCTGGAATTTCTTCTATTTTAGGAGCAGTAAATTTTATTACTACTGTAATTAATATACGTCCAAGAGGAATAAATCTTGATCGAATACCCCTATTCGTATGAGCCGTTAAAATTACAGCTATTTTATTATTACTATCCCTTCCAGTATTAGCAGGAGCTATTACTATATTATTAACTGATCGAAATTTAAATACTTCCTTTTTTGATCCTGCTGGAGGTGGAGACCCAATTCTATATCA	ZSM	GBOL_Col_FK_2861;GBCOL296-12	https://bolgermany.de/specimen/5fce711400807f6a7ea6e1ec8bebf774	Leipziger Tieflandsbucht, Sachsen, Germany	51.18	12.52
Animalia, Arthropoda, Hexapoda, Insecta, Coleoptera, Cerambycidae	Phytoecia coerulescens	TACTCTTTATTTTATTTTTGGAGCATGAGCAAGAATAATAGGAACTTCCCTTAGAATTTTAATTCGATCAGAATTAGGGACTCCCGGATCCTTAATTGGCGATGACCAGATTTATAATGTAATTGTAACAGCTCATGCATTCATTATAATTTTTTTTATAGTTATACCAATTATAATTGGAGGATTTGGAAATTGACTAGTACCCCTAATACTAGGAGCCCCTGATATAGCATTTCCTCGAATAAATAATATAAGATTTTGACTTCTCCCCCCTTCCCTAAGATTATTAGTAATAAGAAGAATTGTTGACAATGGAGCAGGAACAGGTTGAACAGTTTATCCCCCTTTAGCTGCTAATGTAGCTCATAATGGTTCATCTGTAGATTTAGCAATTTTTAGCTTACATCTTGCTGGAATTTCTTCTATTTTAGGAGCAGTAAATTTTATTACTACTGTAATTAATATACGTCCAAGAGGAATAAATCTTGATCGAATACCCCTATTCGTATGAGCCGTTAAAATTACAGCTATTTTATTATTACTATCCCTTCCAGTATTAGCAGGAGCTATTACTATATTATTAACTGATCGAAATTTAAATACTTCCTTTTTTGATCCTGCTGGAGGTGGAGACCCAATTCTATATCAGCATTTATTT	ZSM	GBOL_Col_FK_3781;GBCOL931-12	https://bolgermany.de/specimen/632cdd5f1c3a91c83245a0650393c47a	Germany, Noerdliche Oberrheinebene, Rheinland-Pfalz	49.5	8.17
Animalia, Arthropoda, Hexapoda, Insecta, Coleoptera, Cerambycidae	Phytoecia coerulescens	TACTCTTTATTTTATTTTTGGAGCATGAGCAAGAATAATAGGAACTTCCCTTAGAATTTTAATTCGATCAGAATTAGGGACTCCCGGATCCTTAATTGGCGATGACCAGATTTATAATGTAATTGTAACAGCTCATGCATTCATTATAATTTTTTTTATAGTTATACCAATTATAATTGGAGGATTTGGAAATTGACTAGTACCCCTAATACTAGGAGCCCCTGATATAGCATTTCCTCGAATAAATAATATAAGATTTTGACTTCTCCCCCCTTCCCTAAGATTATTAGTAATAAGAAGAATTGTTGACAATGGAGCAGGAACAGGTTGAACAGTTTATCCCCCTTTAGCTGCTAATGTAGCTCATAATGGTTCATCTGTAGATTTAGCAATTTTTAGCTTACATCTTGCTGGAATTTCTTCTATTTTAGGAGCAGTAAATTTTATTACTACTGTAATTAATATACGTCCAAGAGGAATAAATCTTGATCGAATACCCCTATTCGTATGAGCCGTTAAAATTACAGCTATTTTATTATTACTATCCCTTCCAGTATTAGCAGGAGCTATTACTATATTATTAACTGATCGAAATTTAAATACTTCCTTTTTTGATCCTGCTGGAGGTGGAGATCCAATTCTATATCAACATTTATTT	ZSM	GBOL_Col_FK_2482;GBCOD107-13	https://bolgermany.de/specimen/128a63d30a05053f14bbccb25f546c96	Saar-Nahe-Bergland, Rheinland-Pfalz, Germany	49.93	7.88
Animalia, Arthropoda, Hexapoda, Insecta, Coleoptera, Cerambycidae	Phytoecia coerulescens	TACTCTTTATTTTATTTTTGGAGCATGAGCAAGAATAATAGGAACTTCCCTTAGAATTTTAATTCGATCAGAATTAGGGACTCCCGGATCCTTAATTGGCGATGACCAGATTTATAATGTAATTGTAACAGCTCATGCATTCATTATAATTTTTTTTATAGTTATACCAATTATAATTGGAGGATTTGGAAATTGACTAGTACCCCTAATACTAGGAGCCCCTGATATAGCATTTCCTCGAATAAATAATATAAGATTTTGACTTCTCCCCCCTTCCCTAAGATTATTAGTAATAAGAAGAATTGTTGACAATGGAGCAGGAACAGGTTGAACAGTTTATCCCCCTTTAGCTGCTAATGTAGCTCATAATGGTTCATCTGTAGATTTAGCAATTTTTAGCTTACATCTTGCTGGAATTTCTTCTATTTTAGGAGCAGTAAATTTTATTACTACTGTAATTAATATACGTCCAAGAGGAATAAATCTTGATCGAATACCCCTATTCGTATGAGCCGTTAAAATTACAGCTATTTTATTATTACTATCCCTTCCAGTATTAGCAGGAGCTATTACTATATTATTAACTGATCGAAATTTAAATACTTCCTTTTTTGATCCTGCTGGAGGTGGAGACCCAATTCTATATCAGCATTTATTT	ZSM	GBOL_Col_FK_2483;GBCOD108-13	https://bolgermany.de/specimen/7e9865e69a494032da1e3da9dae0a83a	Germany, Saar-Nahe-Bergland, Rheinland-Pfalz	49.93	7.88
Animalia, Arthropoda, Hexapoda, Insecta, Coleoptera, Cerambycidae	Phytoecia coerulescens	TACTCTTTATTTTATTTTTGGAGCATGAGCAAGAATAATAGGAACTTCCCTTAGAATTTTAATTCGATCAGAATTAGGGACTCCCGGATCCTTAATTGGCGATGACCAGATTTATAATGTAATTGTAACAGCTCATGCATTCATTATAATTTTTTTTATAGTTATACCAATTATAATTGGAGGATTTGGAAATTGACTAGTACCCCTAATACTAGGAGCCCCTGATATAGCATTTCCTCGAATAAATAATATAAGATTTTGACTTCTCCCCCCTTCCCTAAGATTATTAGTAATAAGAAGAATTGTTGACAATGGAGCAGGAACAGGTTGAACAGTTTATCCCCCTTTAGCTGCTAATGTAGCTCATAATGGTTCATCTGTAGATTTAGCAATTTTTAGCTTACATCTTGCTGGAATTTCTTCTATTTTAGGAGCAGTAAATTTTATTACTACTGTAATTAATATACGTCCAAGAGGAATAAATCTTGATCGAATACCCCTATTCGTATGAGCCGTTAAAATTACAGCTATTTTATTATTACTATCCCTTCCAGTATTAGCAGGAGCTATTACTATATTATTAACTGATCGAAATTTAAATACTTCCTTTTTTGATCCTGCTGGAGGTGGAGATCCAATTCTATATCAACATTTATTT	ZSM	BFB_Col_FK_9332;FBCOK687-13	https://bolgermany.de/specimen/5cf7617dda41b6822b55222a15b82ce7	Saar-Nahe-Bergland, Rheinland-Pfalz, Germany	49.93	7.88
Animalia, Arthropoda, Hexapoda, Insecta, Coleoptera, Cerambycidae	Phytoecia coerulescens	ACTCTTTATTTTATTTTTGGAGCATGAGCAAGAATAATAGGAACTTCCCTTAGAATTTTAATTCGATCAGAATTAGGNACNCCCGGATCCTTAATTGGNGATGACCAAATTTATAATGTAATTGTAACAGCTCATGCATTCATTATAATTTTTTTTATAGTTATACCAATTATAATTGGAGGATTTGGAAATTGACTAGTACCCCTAATACTAGGAGCCCCTGATATAGCATTTCCTCGAATAAATAATATAAGATTTTGACTTCTCCCCCCTTCCCTAAGATTATTAGTAATAAGAAGAATTGTTGACAATGGAGCAGGAACAGGTTGAACAGTTTATCCCCCTTTAGCTGCTAATGTAGCTCATAATGGTTCATCTGTAGATTTAGCAATTTTTAGCTTACATCTTGCTGGAATTTCTTCTATTTTAGGAGCAGTAAATTTTATTACTACTGTAATTAATATACGTCCAAGAGGAATAAATCTTGATCGAATACCCCTATTCGTATGAGCCGTTAAAATTACAGCTATTTTATTATTACTATCCCTTCCAGTATTAGCNGGAGCTATTACTATATTATTAACTGATCGAAATTTAAATACTTCCTTTTTTGATCCTGCTGGAGGTGGAGATCCAATTCTATATCAACATTTATTT	ZSM	BFB_Col_FK_9333;FBCOK688-13	https://bolgermany.de/specimen/12674f9d736817038efb0bc216961c43	Germany, Saar-Nahe-Bergland, Rheinland-Pfalz	49.93	7.88
Animalia, Arthropoda, Hexapoda, Insecta, Coleoptera, Cerambycidae	Phytoecia coerulescens	TACTCTTTATTTTATTTTTGGAGCATGAGCAAGAATAATAGGAACTTCCCTTAGAATTTTAATTCGATCAGAATTAGGGACTCCCGGATCCTTAATTGGCGATGACCAGATTTATAATGTAATTGTAACAGCTCATGCATTCATTATAATTTTTTTTATAGTTATACCAATTATAATTGGAGGATTTGGAAATTGACTAGTACCCCTAATACTAGGAGCCCCTGATATAGCATTTCCTCGAATAAATAATATAAGATTTTGACTTCTCCCCCCTTCCCTAAGATTATTAGTAATAAGAAAAATTGTTGACAATGGAGCAGGAACAGGTTGAACAGTTTATCCCCCTTTAGCTGCTAATGTAGCTCATAATGGTTCATCTGTAGATTTAGCAATTTTTAGCTTACATCTTGCTGGAATTTCTTCTATTTTAGGAGCAGTAAATTTTATTACTACTGTAATTAATATACGTCCAAGAGGAATAAATCTTGATCGAATACCCCTATTCGTATGAGCCGTTAAAATTACAGCTATTTTATTATTACTATCCCTTCCAGTATTAGCAGGAGCTATTACTATATTATTAACTGATCGAAATTTAAATACTTCCTTTTTTGATCCTGCTGGAGGTGGAGACCCAATTCTATATCAGCATTTATTT	ZFMK	ZFMK-TIS-2000327	https://bolgermany.de/specimen/bf6b301ef403c089980527ee6e07bd3c	Germany, Wernburg, Thüringen	50.58	11.58
Animalia, Arthropoda, Hexapoda, Insecta, Coleoptera, Cerambycidae	Phytoecia coerulescens	TACTCTTTATTTTATTTTTGGAGCATGAGCAAGAATAATAGGAACTTCCCTTAGAATTTTAATTCGATCAGAATTAGGGACTCCCGGATCCTTAATTGGCGATGACCAGATTTATAATGTAATTGTAACAGCTCATGCATTCATTATAATTTTTTTTATAGTTATACCAATTATAATTGGAGGATTTGGAAATTGACTAGTACCCCTAATACTAGGAGCCCCTGATATAGCATTTCCTCGAATAAATAATATAAGATTTTGACTTCTCCCCCCTTCCCTAAGATTATTAGTAATAAGAAGAATTGTTGACAATGGAGCAGGAACAGGTTGAACAGTTTATCCCCCTTTAGCTGCTAATGTAGCTCATAATGGTTCATCTGTAGATTTAGCAATTTTTAGCTTACATCTTGCTGGAATTTCTTCTATTTTAGGAGCAGTAAATTTTATTACTACTGTAATTAATATACGTCCAAGAGGAATAAATCTTGATCGAATACCCCTATTCGTATGAGCCGTTAAAATTACAGCTATTTTATTATTACTATCCCTTCCAGTATTAGCAGGAGCTATTACTATATTATTAACTGATCGAAATTTAAATACTTCCTTTTTTGATCCTGCTGGAGGTGGAGACCCAATTCTATATCAGCATTTATTT	ZFMK	ZFMK-TIS-2001892	https://bolgermany.de/specimen/3ffadb5d1e89eae455c268f94c2ff93b	Thüringen, Germany, Drei-Gleichen-Gebiet	50.84	10.9
Animalia, Arthropoda, Hexapoda, Insecta, Coleoptera, Cerambycidae	Phytoecia coerulescens	TACTCTTTATTTTATTTTTGGAGCATGAGCAAGAATAATAGGAACTTCCCTTAGAATTTTAATTCGATCAGAATTAGGAACCCCCGGATCCTTAATTGGTGATGATCAAATTTATAATGTAATTGTAACAGCTCATGCATTTATTATAATTTTTTTTATAGTTATGCCAATTATAATTGGAGGATTTGGAAATTGACTAGTACCCCTAATACTAGGAGCCCCTGATATAGCATTTCCTCGAATAAATAATATAAGATTTTGACTTCTTCCCCCTTCCCTAAGATTATTAGTAATAAGAAGAATCGTTGATAATGGAGCAGGAACAGGTTGAACAGTTTATCCCCCTTTAGCTGCTAATGTAGCTCATAATGGTTCATCCGTAGATTTAGCAATTTTTAGCTTACATCTTGCTGGGATTTCTTCTATTTTAGGAGCAGTAAATTTTATTACTACTGTAATTAATATACGCCCAAGAGGAATAAATCTTGATCGAATACCCCTATTCGTATGAGCCGTTAAAATTACAGCTATTTTATTATTACTCTCCCTTCCAGTATTAGCTGGAGCTATTACTATATTATTAACTGATCGAAACTTAAATACTTCCTTTTTTGATCCTGCAGGAGGTGGAGATCCAATTCTATATCAACATTTATTT	ZFMK	ZFMK-TIS-2002290	https://bolgermany.de/specimen/0019619b3fbf3345852ea5f69988eb59	Germany, Halberstadt, Lkr. Harz, Sachsen-Anhalt	51.92	11.01
Animalia, Arthropoda, Hexapoda, Insecta, Coleoptera, Cerambycidae	Phytoecia coerulescens	TACTCTTTATTTTATTTTTGGAGCATGAGCAAGAATAATAGGAACTTCCCTTAGAATTTTAATTCGATCAGAATTAGGAACCCCCGGATCCTTAATTGGTGATGATCAAATTTATAATGTAATTGTAACAGCTCATGCATTTATTATAATTTTTTTTATAGTTATGCCAATTATAATTGGAGGATTTGGAAATTGACTAGTACCCCTAATACTAGGAGCCCCTGATATAGCATTTCCTCGAATAAATAATATAAGATTTTGACTTCTTCCCCCTTCCCTAAGATTATTAGTAATAAGAAGAATCGTTGATAATGGAGCAGGAACAGGTTGAACAGTTTATCCCCCTTTAGCTGCTAATGTAGCTCATAATGGTTCATCCGTAGATTTAGCAATTTTTAGCTTACATCTTGCTGGGATTTCTTCTATTTTAGGAGCAGTAAATTTTATTACTACTGTAATTAATATACGCCCAAGAGGAATAAATCTTGATCGAATACCCCTATTCGTATGAGCCGTTAAAATTACAGCTATTTTATTATTACTCTCCCTTCCAGTATTAGCCGGAGCTATTACTATATTATTAACTGATCGAAACTTAAATACTTCCTTTTTTGATCCTGCAGGAGGTGGAGATCCAATTCTATATCAACATTTATTT	ZFMK	ZFMK-TIS-2001893	https://bolgermany.de/specimen/4cdb02d333c5138912f249eed8bb6265	Germany, Drei-Gleichen-Gebiet, Thüringen	50.83	10.88
Animalia, Arthropoda, Hexapoda, Insecta, Coleoptera, Cerambycidae	Phytoecia coerulescens	TACTCTTTATTTTATTTTTGGAGCATGAGCAAGAATAATAGGAACTTCCCTTAGAATTTTAATTCGATCAGAATTAGGGACTCCCGGATCCTTAATTGGCGATGACCAGATTTATAATGTAATTGTAACAGCTCATGCATTCATTATAATTTTTTTTATAGTTATACCAATTATAATTGGAGGATTTGGAAATTGACTAGTACCCCTAATACTAGGAGCCCCTGATATAGCATTTCCTCGAATAAATAATATAAGATTTTGACTTCTCCCCCCTTCCCTAAGATTATTAGTAATAAGAAGAATTGTTGACAATGGAGCAGGAACAGGTTGAACAGTTTATCCCCCTTTAGCTGCTAATGTAGCTCATAATGGTTCATCTGTAGATTTAGCAATTTTTAGCTTACATCTTGCTGGAATTTCTTCTATTTTAGGAGCAGTAAATTTTATTACTACTGTAATTAATATACGTCCAAGAGGAATAAATCTTGATCGAATACCCCTATTCGTATGAGCCGTTAAAATTACAGCTATTTTATTATTACTATCCCTTCCAGTATTAGCAGGAGCTATTACTATATTATTAACTGATCGAAATTTAAATACTTCCTTTTTTGATCCTGCTGGAGGTGGAGACCCAATTCTATATCAGCATTTATTT	ZFMK	ZFMK-TIS-2509172	https://bolgermany.de/specimen/a3568b3907b8ae180607fa87a006449f	Germany, Gewerbegebiet, Rheinland-Pfalz	50.47	7.43
Animalia, Arthropoda, Hexapoda, Insecta, Coleoptera, Cerambycidae	Phytoecia coerulescens	TACTCTTTATTTTATTTTTGGAGCATGAGCAAGAATAATAGGAACTTCCCTTAGAATTTTAATTCGATCAGAATTAGGAACCCCCGGATCCTTAATTGGTGATGATCAAATTTATAATGTAATTGTAACAGCTCATGCATTTATTATAATTTTTTTTATAGTTATGCCAATTATAATTGGAGGATTTGGAAATTGACTAGTACCCCTAATACTAGGAGCCCCTGATATAGCATTTCCTCGAATAAATAATATAAGATTTTGACTTCTTCCCCCTTCCCTAAGATTATTAGTAATAAGAAGAATCGTTGATAATGGAGCAGGAACAGGTTGAACAGTTTATCCCCCTTTAGCTGCTAATGTAGCTCATAATGGTTCATCCGTAGATTTAGCAATTTTTAGCTTACATCTTGCTGGGATTTCTTCTATTTTAGGCGCAGTAAATTTTATTACTACTGTAATTAATATACGCCCAAGAGGAATAAATCTTGATCGAATACCCCTATTCGTATGAGCCGTTAAAATTACAGCTATTTTATTATTACTCTCCCTTCCAGTATTAGCCGGAGCTATTACTATATTATTAACTGATCGAAACTTAAATACCTCCTTTTTTGATCCTGCAGGAGGTGGAGATCCAATTCTATATCAACATTTATTT	ZFMK	ZFMK-TIS-2508868	https://bolgermany.de/specimen/e2268b86ffaee37d39a3e5ba391e6cc5	Czech Republic, Bohemia, Europa	50.47	13.71
Animalia, Arthropoda, Hexapoda, Insecta, Coleoptera, Cerambycidae	Phytoecia coerulescens	TACTCTTTATTTTATTTTTGGAGCATGAGCAAGAATAATAGGAACTTCCCTTAGAATTTTAATTCGATCAGAATTAGGGACTCCCGGATCCTTAATTGGCGATGACCAGATTTATAATGTAATTGTAACAGCTCATGCATTCATTATAATTTTTTTTATAGTTATACCAATTATAATTGGAGGATTTGGAAATTGACTAGTACCCCTAATACTAGGAGCCCCTGATATAGCATTTCCTCGAATAAATAATATAAGATTTTGACTTCTCCCCCCTTCCCTAAGATTATTAGTAATAAGAAGAATTGTTGACAATGGAGCAGGAACAGGTTGAACAGTTTATCCCCCTTTAGCTGCTAATGTAGCTCATAATGGTTCATCTGTAGATTTAGCAATTTTTAGCTTACATCTTGCTGGAATTTCTTCTATTTTAGGAGCAGTAAATTTTATTACTACTGTAATTAATATACGTCCAAGAGGAATAAATCTTGATCGAATACCCCTATTCGTATGAGCCGTTAAAATTACAGCTATTTTATTATTACTATCCCTTCCAGTATTAGCAGGAGCTATTACTATATTATTAACTGATCGAAATTTAAATACTTCCTTTTTTGATCCTGCTGGAGGTGGAGATCCAATTCTATATCAACATTTATTT	ZFMK	ZFMK-TIS-2509171	https://bolgermany.de/specimen/ac97e60bc65cc1e2a938274aaa95286c	Rheinland-Pfalz, Germany, Gewerbegebiet	50.39	7.43
Animalia, Arthropoda, Hexapoda, Insecta, Coleoptera, Cerambycidae	Phytoecia coerulescens	TACTCTTTATTTTATTTTTGGAGCATGAGCAAGAATAATAGGAACTTCCCTTAGAATTTTAATTCGATCAGAATTAGGGACTCCCGGATCCTTAATTGGCGATGACCAGATTTATAATGTAATTGTAACAGCTCATGCATTCATTATAATTTTTTTTATAGTTATACCAATTATAATTGGAGGATTTGGAAATTGACTAGTACCCCTAATACTAGGAGCCCCTGATATAGCATTTCCTCGAATAAATAATATAAGATTTTGACTTCTCCCCCCTTCCCTAAGATTATTAGTAATAAGAAGAATTGTTGACAATGGAGCAGGAACAGGTTGAACAGTTTATCCCCCTTTAGCTGCTAATGTAGCTCATAATGGTTCATCTGTAGATTTAGTAATTTTTAGCTTACATCTTGCTGGAATTTCTTCTATTTTAGGAGCAGTAAATTTTATTACTACTGTAATTAATATACGTCCAAGAGGAATAAATCTTGATCGAATACCCCTATTCGTATGAGCCGTTAAAATTACAGCTATTTTATTATTACTATCCCTTCCAGTATTAGCAGGAGCTATTACTATATTATTAACTGATCGAAATTTAAATACTTCCTTTTTTGATCCTGCTGGAGGTGGAGACCCAATTCTATATCAGCATTTATTT	ZFMK	ZFMK-TIS-2511891	https://bolgermany.de/specimen/33a585ab3954cdbf3905f4810a6ddd38	Nordrhein-Westfalen, Germany, Nordrhein	50.87	6.9
Animalia, Arthropoda, Hexapoda, Insecta, Coleoptera, Cerambycidae	Phytoecia coerulescens	CACTCTTTATTTTATTTTTGGAGCATGAGCAAGAATAATAGGAACTTCCCTTAGAATTTTAATTCGATCAGAATTAGGGACTCCCGGATCCTTAATTGGCGATGACCAGATTTATAATGTAATTGTAACAGCTCATGCATTCATTATAATTTTTTTTATAGTTATACCAATTATAATTGGAGGATTTGGAAATTGACTAGTACCCCTAATACTAGGAGCCCCTGATATAGCATTTCCTCGAATAAATAATATAAGATTTTGACTTCTCCCCCCTTCCCTAAGATTATTAGTAATAAGAAGAATTGTTGACAATGGAGCAGGAACAGGTTGAACAGTTTATCCCCCTTTAGCTGCTAATGTAGCTCATAATGGTTCATCTGTAGATTTAGCAATTTTTAGCTTACATCTTGCTGGAATTTCTTCTATTTTAGGAGCAGTAAATTTTATTACTACTGTAATTAATATACGTCCAAGAGGAATAAATCTTGATCGAATACCCCTATTCGTATGAGCCGTTAAAATTACAGCTATTTTATTATTACTATCCCTTCCAGTATTAGCAGGAGCTATTACTATATTATTAACTGATCGAAATTTAAATACTTCCTTTTTTGATCCTGCTGGAGGTGGAGACCCAATTCTATATCAGCATTTATTT	ZFMK	ZFMK-TIS-2511890	https://bolgermany.de/specimen/ad1d8651b510a565bb6385105cce1bf9	Germany, Nordrhein, Nordrhein-Westfalen	50.76	6.88
Animalia, Arthropoda, Hexapoda, Insecta, Coleoptera, Cerambycidae	Phytoecia coerulescens	TACTCTTTATTTTATTTTTGGAGCATGAGCAAGAATAATAGGAACTTCCCTTAGAATTTTAATTCGATCAGAATTAGGGACTCCCGGATCCTTAATTGGCGATGACCAGATTTATAATGTAATTGTAACAGCTCATGCATTCATTATAATTTTTTTTATAGTTATACCAATTATAATTGGAGGATTTGGAAATTGACTAGTACCCCTAATACTAGGAGCCCCTGATATAGCATTTCCTCGAATAAATAATATAAGATTTTGACTTCTCCCCCCTTCCCTAAGATTATTAGTAATAAGAAGAATTGTTGACAATGGAGCAGGAACAGGTTGAACAGTTTATCCCCCTTTAGCTGCTAATGTAGCTCATAATGGTTCATCTGTAGATTTAGCAATTTTTAGCTTACATCTTGCTGGAATTTCTTCTATTTTAGGAGCAGTAAATTTTATTACTACTGTAATTAATATACGTCCAAGAGGAATAAATCTTGATCGAATACCCCTATTCGTATGAGCCGTTAAAATTACAGCTATTTTATTATTACTATCCCTTCCAGTATTAGCAGGAGCTATTACTATATTATTAACTGATCGAAATTTAAATACTTCCTTTTTTGATCCTGCTGGAGGTGGAGACCCAATTCTATATCAGCATTTATTT	ZFMK	ZFMK-TIS-2511914	https://bolgermany.de/specimen/c1e097ee31c8af385bab80eda531544d	Germany, Nordrhein, Nordrhein-Westfalen	50.85	6.79
Animalia, Arthropoda, Hexapoda, Insecta, Coleoptera, Cerambycidae	Phytoecia coerulescens	TACTCTTTATTTTATTTTTGGAGCATGAGCAAGAATAATAGGAACTTCCCTTAGAATTTTAATTCGATCAGAATTAGGGACTCCCGGATCCTTAATTGGCGATGACCAGATTTATAATGTAATTGTAACAGCTCATGCATTCATTATAATTTTTTTTATAGTTATACCAATTATAATTGGAGGATTTGGAAATTGACTAGTACCCCTAATACTAGGAGCCCCTGATATAGCATTTCCTCGAATAAATAATATAAGATTTTGACTTCTCCCCCCTTCCCTAAGATTATTAGTAATAAGAAGAATTGTTGACAATGGAGCAGGAACAGGTTGAACAGTTTATCCCCCTTTAGCTGCTAATGTAGCTCATAATGGTTCATCTGTAGATTTAGCAATTTTTAGCTTACATCTTGCTGGAATTTCTTCTATTTTAGGAGCAGTAAATTTTATTACTACTGTAATTAATATACGTCCAAGAGGAATAAATCTTGATCGAATACCCCTATTCGTATGAGCCGTTAAAATTACAGCTATTTTATTATTACTATCCCTTCCAGTATTAGCAGGAGCTATTACTATATTATTAACTGATCGAAATTTAAATACTTCCTTTTTTGATCCTGCTGGAGGTGGAGACCCAATTCTATATCAGCATTTATTT	ZFMK	ZFMK-TIS-2531246	https://bolgermany.de/specimen/80f92b4081c12ea2698ad7165a7f8e21	Sachsen-Anhalt, Germany, Halberstadt, Lkr. Harz	51.98	10.93
Animalia, Arthropoda, Hexapoda, Insecta, Coleoptera, Cerambycidae	Phytoecia coerulescens	TACTCTTTATTTTATTTTTGGAGCATGAGCAAGAATAATAGGAACTTCCCTTAGAATTTTAATTCGATCAGAATTAGGGACTCCCGGATCCTTAATTGGCGATGACCAGATTTATAATGTAATTGTAACAGCTCATGCATTCATTATAATTTTTTTTATAGTTATACCAATTATAATTGGAGGATTTGGAAATTGACTAGTACCCCTAATACTAGGAGCCCCTGATATAGCATTTCCTCGAATAAATAATATAAGATTTTGACTTCTCCCCCCTTCCCTAAGATTATTAGTAATAAGAAGAATTGTTGACAATGGAGCAGGAACAGGTTGAACAGTTTATCCCCCTTTAGCTGCTAATGTAGCTCATAATGGTTCATCTGTAGATTTAGCAATTTTTAGCTTACATCTTGCTGGAATTTCTTCTATTTTAGGAGCAGTAAATTTTATTACTACTGTAATTAATATACGTCCAAGAGGAATAAATCTTGATCGAATACCCCTATTCGTATGAGCCGTTAAAATTACAGCTATTTTATTATTACTATCCCTTCCAGTATTAGCAGGAGCTATTACTATATTATTAACTGATCGAAATTTAAATACTTCCTTTTTTGATCCTGCTGGAGGTGGAGACCCAATTCTATATCAGCATTTATTT	ZFMK	ZFMK-TIS-2531243	https://bolgermany.de/specimen/a67d5bdf30f0e188dd987471b1198be3	Germany, Halberstadt, Lkr. Harz, Sachsen-Anhalt	51.89	11.01
Animalia, Arthropoda, Hexapoda, Insecta, Coleoptera, Cerambycidae	Phytoecia coerulescens	TACTCTTTATTTTATTTTTGGAGCATGAGCAAGAATAATAGGAACTTCCCTTAGAATTTTAATTCGATCAGAATTAGGGACTCCCGGATCCTTAATTGGCGATGACCAGATTTATAATGTAATTGTAACAGCTCATGCATTCATTATAATTTTTTTTATAGTTATACCAATTATAATTGGAGGATTTGGAAATTGACTAGTACCCCTAATACTAGGAGCCCCTGATATAGCATTTCCTCGAATAAATAATATAAGATTTTGACTTCTCCCCCCTTCCCTAAGATTATTAGTAATAAGAAGAATTGTTGACAATGGAGCAGGAACAGGTTGAACAGTTTATCCCCCTTTAGCTGCTAATGTAGCTCATAATGGTTCATCTGTAGATTTAGCAATTTTTAGCTTACATCTTGCTGGAATTTCTTCTATTTTAGGAGCAGTAAATTTTATTACTACTGTAATTAATATACGCCCAAGAGGAATAAATCTTGATCGAATACCCCTATTCGTATGAGCCGTTAAAATTACAGCTATTTTATTATTACTATCCCTTCCAGTATTAGCAGGAGCTATTACTATATTATTAACTGATCGAAATTTAAATACTTCCTTTTTTGATCCTGCTGGAGGTGGAGATCCAATTCTATATCAGCATTTATTT	ZSM	GBOL 01978;GBCOU360-13	https://bolgermany.de/specimen/fc5c132c969ec9c7843aef6d8d5e0760	France, Auvergne-Rhones-Alpes, Europa	45.49	6.58
Animalia, Arthropoda, Hexapoda, Insecta, Coleoptera, Cerambycidae	Phytoecia coerulescens	TACTCTTTATTTTATTTTTGGAGCATGAGCAAGAATAATAGGAACTTCCCTTAGAATTTTAATTCGATCAGAATTAGGGACTCCCGGATCCTTAATTGGCGATGACCAGATTTATAATGTAATTGTAACAGCTCATGCATTCATTATAATTTTTTTTATAGTTATACCAATTATAATTGGAGGATTTGGAAATTGACTAGTACCCCTAATACTAGGAGCCCCTGATATAGCATTTCCTCGAATAAATAATATAAGATTTTGACTTCTCCCCCCTTCCCTAAGATTATTAGTAATAAGAAGAATTGTTGACAATGGAGCAGGAACAGGTTGAACAGTTTATCCCCCTTTAGCTGCTAATGTAGCTCATAATGGTTCATCTGTAGATTTAGCAATTTTTAGCTTACATCTTGCTGGAATTTCTTCTATTTTAGGAGCAGTAAATTTTATTGCTACTGTAATTAATATACGTCCAAGAGGAATAAATCTTGATCGAATACCCCTATTCGTATGAGCCGTTAAAATTACAGCTATTTTATTATTACTATCCCTTCCAGTATTAGCAGGAGCTATTACTATATTATTAACTGATCGAAATTTAAATACTTCCTTTTTTGATCCTGCTGGAGGTGGAGACCCAATTCTATATCAGCATTTATTT	ZSM	GBOL_Col_FK_8099;GBCOU2969-13	https://bolgermany.de/specimen/448060f54bc1022766ff92b361f4282b	Rheintal, Rheinland-Pfalz, Germany	50.37	7.39
Animalia, Arthropoda, Hexapoda, Insecta, Coleoptera, Cerambycidae	Phytoecia coerulescens	TACTCTTTATTTTATTTTTGGAGCATGAGCAAGAATAATAGGAACTTCCCTTAGAATTTTAATTCGATCAGAATTAGGAACCCCCGGATCCTTAATTGGTGATGATCAAATTTATAATGTAATTGTAACAGCTCATGCATTTATTATAATTTTTTTTATAGTTATGCCAATTATAATTGGAGGATTTGGAAATTGACTAGTACCCCTAATACTAGGAGCCCCTGATATAGCATTTCCTCGAATAAATAATATAAGATTTTGACTTCTTCCCCCTTCCCTAAGATTATTAGTAATAAGAAGAATCGTTGATAATGGAGCAGGAACAGGTTGAACAGTTTATCCCCCTTTAGCTGCTAATGTAGCTCATAATGGTTCATCCGTAGATTTAGCAATTTTTAGCTTACATCTTGCTGGGATTTCTTCTATTTTAGGTGCAGTAAATTTTATTACTACTGTAATTAATATACGCCCAAGAGGAATAAATCTTGATCGAATACCCCTATTCGTATGAGCCGTTAAAATTACAGCTATTTTATTATTACTCTCCCTTCCAGTATTA	ZSM	BCZSM_COLA_01284;GBCOU4799-14	https://bolgermany.de/specimen/031ef8b82117f5483fc4da61cc96b73a	Brandenburg, Germany	52.46	13.46
Animalia, Arthropoda, Hexapoda, Insecta, Coleoptera, Cerambycidae	Phytoecia coerulescens	TACTCTTTATTTTATTTTTGGAGCATGAGCAAGAATAATAGGAACTTCCCTTAGAATTTTAATTCGATCAGAATTAGGAACCCCCGGATCCTTAATTGGTGATGATCAAATTTATAATGTAATTGTAACAGCTCATGCATTTATTATAATTTTTTTTATAGTTATGCCAATTATAATTGGAGGATTTGGAAATTGACTAGTACCCCTAATACTAGGAGCCCCTGATATAGCATTTCCTCGAATAAATAATATAAGATTTTGACTTCTTCCCCCTTCCCTAAGATTATTAGTAATAAGAAGAATCGTTGATAATGGAGCAGGAACAGGTTGAACAGTTTATCCCCCTTTAGCTGCTAATGTAGCTCATAATGGTTCATCCGTAGATTTAGCAATTTTTAGCTTACATCTTGCTGGGATTTCTTCTATTTTAGGTGCAGTAAATTTTATTACTACTGTAATTAATATACGCCCAAGAGGAATAAATCTTGATCGAATACCCCTATTCGTATGAGCCGTTAAAATTACAGCTATTTTATTATTACTCTCCCTTCCAGTATTAGCCGGAGCTATTACTATATTATTAACTGATCGAAACTTAAATACCTCCTTTTTTGATCCTGCAGGAGGTGGAGATCCAATTCTATATCAACATTTATTT	ZSM	BCZSM_COLA_01285;GBCOU4800-14	https://bolgermany.de/specimen/05249e7cc3208d6a9496e48b4244996c	Germany, Brandenburg	52.46	13.46
Animalia, Arthropoda, Hexapoda, Insecta, Coleoptera, Cerambycidae	Phytoecia cylindrica	CACTCTTTATTTTATTTTTGGAGCATGAGCAGGAATAGTAGGAACATCCCTTAGAATTTTAATTCGATCAGAATTAGGAACTCCCGGATCCCTAATTGGAGATGATCAAATTTATAATGTAATTGTTACTGCTCATGCATTTATTATGATTTTTTTTATAGTAATACCTATTATAATTGGAGGATTTGGAAATTGATTAGTTCCTTTAATATTAGGTGCCCCTGATATAGCATTTCCCCGAATAAATAATATAAGATTTTGACTCCTTCCCCCATCTCTTAGACTTTTAATTATAAGAAGAATTGTAGATAATGGAGCAGGAACAGGATGAACAGTTTATCCCCCCTTAGCTGCAAATGTAGCTCATAACGGTTCATCAGTTGATTTAGCAATTTTTAGACTTCATTTAGCTGGAATTTCTTCAATTTTAGGTGCAGTAAATTTTATTACTACAGTAATTAATATACGCCCTAAAGGAATAACTCTTGATCGAATACCCCTATTCGTTTGAGCTGTTAAAATTACAGCTATTTTATTACTTCTCTCATTACCAGTATTAGCAGGAGCTATTACTATATTATTAACAGATCGAAACTTAAACACTTCTTTTTTTGACCCCGCAGGAGGAGGAGACCCAATTCTTTACCAACATTTATTT	ZSM	GBOL01889;GBCOU1126-13	https://bolgermany.de/specimen/c9fa1af0993cc1b9994efab2023028ef	Germany, Upperbavaria,Farchant, Bayern	47.53	11.11
Animalia, Arthropoda, Hexapoda, Insecta, Coleoptera, Cerambycidae	Phytoecia cylindrica	CACTCTTTATTTTATTTTTGGAGCATGAGCAGGAATAGTAGGAACATCCCTTAGAATTTTAATTCGATCAGAATTAGGAACTCCCGGATCCCTAATTGGAGATGATCAAATTTATAATGTAATTGTTACTGCTCATGCATTTATTATGATTTTTTTTATAGTAATACCTATTATAATTGGAGGATTTGGAAATTGATTAGTTCCTTTAATATTAGGTGCCCCTGATATAGCATTTCCCCGAATAAATAATATAAGATTTTGACTCCTTCCCCCATCTCTTAGACTTTTAATTATAAGAAGAATTGTAGATAATGGAGCAGGAACAGGATGAACAGTTTATCCCCCCTTAGCTGCAAATGTAGCTCATAACGGTTCATCAGTTGATTTAGCAATTTTTAGACTTCATTTAGCTGGAATTTCTTCAATTTTAGGTGCAGTAAATTTTATTACTACAGTAATTAATATACGCCCTAAAGGAATAACTCTTGATCGAATACCCCTATTCGTTTGAGCTGTTAAAATTACAGCTATTTTATTACTTCTCTCATTACCAGTATTAGCAGGAGCTATTACTATATTATTAACAGATCGAAACTTAAACACTTCTTTTTTTGACCCCGCAGGAGGAGGAGACCCAATTCTTTACCAACATTTATTT	ZSM	BC ZSM COL 00444;FBCOA539-10	https://bolgermany.de/specimen/e3df2cf1171e661149646485be514417	Germany, Niederrheinische Bucht, Nordrhein-Westfalen	50.76	6.86
Animalia, Arthropoda, Hexapoda, Insecta, Coleoptera, Cerambycidae	Phytoecia cylindrica	CACTCTTTATTTTATTTTTGGAGCATGAGCAGGAATAGTAGGAACATCCCTTAGAATTTTAATTCGATCAGAATTAGGAACTCCCGGATCCCTAATTGGAGATGATCAAATTTATAATGTAATTGTTACTGCTCATGCATTTATTATGATTTTTTTTATAGTAATACCTATTATAATTGGAGGATTTGGAAATTGATTAGTTCCTTTAATATTAGGTGCCCCTGATATAGCATTTCCCCGAATAAATAATATAAGATTTTGACTCCTTCCCCCATCTCTTAGACTTTTAATTATAAGAAGAATTGTAGATAATGGAGCAGGAACAGGATGAACAGTTTATCCCCCCTTAGCTGCAAATGTAGCTCATAACGGTTCATCAGTTGATTTAGCAATTTTTAGACTTCATTTAGCTGGAATTTCTTCAATTTTAGGTGCAGTAAATTTTATTACTACAGTAATTAATATACGCCCTAAAGGAATAACTCTTGATCGAATACCCCTATTCGTTTGAGCTGTTAAAATTACAGCTATTTTATTACTTCTCTCATTACCAGTATTAGCAGGAGCTATTACTATATTATTAACAGATCGAAACTTAAACACTTCTTTTTTTGACCCCGCAGGAGGAGGAGACCCAATTCTTTACCAACATTTATTT	ZSM	BC ZSM COLA 00226;FBCOC036-10	https://bolgermany.de/specimen/54b52d51cbd401eb1ebecfbc11649c87	Bayern, Germany, Oberbayern	49.98	9.71
Animalia, Arthropoda, Hexapoda, Insecta, Coleoptera, Cerambycidae	Phytoecia cylindrica	GGAACATCCCTTAGAATTTTAATTNGATCAGAATTAGGAACTCCCGGATCCCTAATTGGAGATGATCAAATTTATAATGTAATTGTTACTGCTCATGCATTTATTATGATTTTTTTTATAGTAATACCTATTATAATTGGAGGATTTGGAAATTGATTAGTTCCTTTAATATTAGGTGCCCCTGATATAGCATTTCCCCGAATAAATAATATAAGATTTTGACTCCTTCCCCCNTCTCTTAGACTTTTAATTATAAGAAGAATTGTAGATAATGGAGCAGGAACAGGATGAACAGTTTATCCCCCCTTAGCTGCAAATGTAGCTCATAACGGTTCATCAGTTGATTTAGCAATTTTTAGACTTCATTTAGCTGGAATTTCTTCAATTTTAGGTGCAGTAAATTTTATTACTACAGTAATTAATATACGCCCTAAAGGAATAACTCTTGATCGAATACCCCTATTCGTTTGAGCTGTTAAAATTACAGCTATTTTATTACTTCTCTCATTACCAGTATTAGCAGGAGCTATTACTATATTATTAACAGATCGAAACTTAAACNCTTCTTTTTTTGACCCCGC	ZSM	GBOL_Col_FK_2386;GBCOD201-13	https://bolgermany.de/specimen/fe3adde7ab710392f939802c79f3a70c	Nordrhein-Westfalen, Germany, Niederrheinische Bucht	50.72	6.91
Animalia, Arthropoda, Hexapoda, Insecta, Coleoptera, Cerambycidae	Phytoecia cylindrica	CACTCTTTATTTTATTTTTGGAGCATGAGCAGGAATAGTAGGAACATCCCTTAGAATTTTAATTCGATCAGAATTAGGAACTCCCGGATCCCTAATTGGAGATGATCAAATTTATAATGTAATTGTTACTGCTCATGCATTTATTATGATTTTTTTTATAGTAATACCTATTATAATTGGAGGATTTGGAAATTGATTAGTTCCTTTAATATTAGGTGCCCCTGATATAGCATTTCCCCGAATAAATAATATAAGATTTTGACTCCTTCCCCCATCTCTTAGACTTTTAATTATAAGAAGAATTGTAGATAATGGAGCAGGAACAGGATGAACAGTTTATCCCCCCTTAGCTGCAAATGTAGCTCATAACGGTTCATCAGTTGATTTAGCAATTTTTAGACTTCATTTAGCTGGAATTTCTTCAATTTTAGGTGCAGTAAATTTTATTACTACAGTAATTAATATACGCCCTAAAGGAATAACTCTTGATCGAATACCCCTATTCGTTTGAGCTGTTAAAATTACAGCTATTTTATTACTTCTCTCATTACCAGTATTAGCAGGAGCTATTACTATATTATTAACAGATCGAAACTTAAACACTTCTTTTTTTGACCCCGCAGGAGGAGGAGACCCAATTCTTTACCAACATTTATTT	ZFMK	ZFMK-TIS-16720	https://bolgermany.de/specimen/1170062da9e3be1e87fb559e23371442	Thüringen, Germany, Sachsenburg	51.29	11.2
Animalia, Arthropoda, Hexapoda, Insecta, Coleoptera, Cerambycidae	Phytoecia cylindrica	CACTCTTTATTTTATTTTTGGAGCATGAGCAGGAATAGTAGGAACATCCCTTAGAATTTTAATTCGATCAGAATTAGGAACTCCCGGATCCCTAATTGGAGATGATCAAATTTATAATGTAATTGTTACTGCTCATGCATTTATTATGATTTTTTTTATAGTAATACCTATTATAATTGGAGGATTTGGAAATTGATTAGTTCCTTTAATATTAGGTGCCCCTGATATAGCATTTCCCCGAATAAATAATATAAGATTTTGACTCCTTCCCCCATCTCTTAGACTTTTAATTATAAGAAGAATTGTAGATAATGGAGCAGGAACAGGATGAACAGTTTATCCCCCCTTAGCTGCAAATGTAGCTCATAACGGTTCATCAGTTGATTTAGCAATTTTTAGACTTCATTTAGCTGGAATTTCTTCAATTTTAGGTGCAGTAAATTTTATTACTACAGTAATTAATATACGCCCTAAAGGAATAACTCTTGATCGAATACCCCTATTCGTTTGAGCTGTTAAAATTACAGCTATTTTATTACTTCTCTCATTACCAGTATTAGCAGGAGCTATTACTATATTATTAACAGATCGAAACTTAAACACTTCTTTTTTTGACCCCGCAGGAGGAGGAGACCCAATTCTTTACCAACATTTATTT	ZFMK	ZFMK-TIS-2571852	https://bolgermany.de/specimen/b4b1cb0fbefa8a01a13a0ca3af701a0f	Sachsen-Anhalt, Germany, Osterwieck, Lkr. Harz	52.08	10.79
Animalia, Arthropoda, Hexapoda, Insecta, Coleoptera, Cerambycidae	Phytoecia icterica	CACTCTTTATTTTATTTTTGGTGCATGAGCAGGAATAGTAGGTACATCTCTTAGAATCTTAATTCGATCAGAATTAGGTACCCCAGGTTCTTTAATTGGAGATGACCAAATTTACAATGTAATTGTAACAGCTCATGCATTTATTATAATTTTTTTCATAGTAATGCCTATTATAATTGGAGGTTTTGGAAATTGATTAGTACCCCTAATATTAGGAGCCCCTGATATAGCATTTCCCCGTATAAACAATATAAGATTTTGATTACTCCCACCTTCCCTAAGGTTGTTAATCATAAGAAGAATTGTAGATAGTGGAGCAGGAACAGGATGAACAGTTTATCCCCCTTTAGCTGCAAATGTAGCTCATAATGGTTCATCAGTTGATTTGGCAATTTTTAGTCTTCACTTAGCTGGAATTTCCTCTATTTTAGGAGCAGTAAATTTTATTACTACTGTAATTAATATACGACCTAAAGGAATAACTCTTGATCGAATACCCCTATTCGTTTGAGCTGTTAAAATTACAGCAATTCTTTTACTTCTTTCCTTACCAGTACTAGCAGGTGCTATTACAATATTATTAACAGATCGAAATCTTAATACCTCCTTTTTTGATCCTGCAGGAGGAGGTGATCCTATTCTTTATCAACATCTATTT	ZSM	BC ZSM COLA 00316;FBCOC126-10	https://bolgermany.de/specimen/1d15d35d4e6cad70ee8e01e87131553c	Germany, Oberbayern, Bayern		
Animalia, Arthropoda, Hexapoda, Insecta, Coleoptera, Cerambycidae	Phytoecia nigricornis	CACCCTCTATTTTATTTTTGGGGCGTGAGCAAGAATAGTAGGAACTTCACTTAGAATTTTGATTCGATCAGAATTAGGGACTCCCGGATCCTTAATTGGTGATGATCAAATTTATAATGTAATTGTTACTGCTCATGCATTTATTATAATTTTTTTTATAGTAATACCTATTATAATTGGAGGTTTTGGAAATTGATTAGTTCCTTTAATATTAGGTGCCCCTGATATAGCATTCCCTCGAATAAATAATATAAGATTTTGACTTCTTCCCCCTTCCCTTAGACTTTTAATTATAAGAAGAATTGTAGATAATGGAGCAGGAACAGGATGAACAGTTTATCCCCCTTTAGCTGCAAATGTAGCTCATAATGGTTCATCAGTTGATCTAGCAATTTTTAGATTACACTTAGCTGGAATTTCTTCTATTCTAGGAGCAGTAAATTTTATTACCACAGTAATTAATATACGCCCTAAAGGAATAACTCTTGATCGAATACCCCTATTCGTTTGAGCTGTTAAAATTACAGCTATTTTATTACTTCTTTCACTTCCAGTATTAGCAGGAGCTATTACCATACTACTTACAGATCGAAATTTAAATACTTCTTTTTTTGACCCCGCAGGAGGAGGAGATCCCATTCTTTACCAACATTTATTT	ZSM	BC ZSM COL 00824;FBCOA919-10	https://bolgermany.de/specimen/dcccb6da4f572f0e8fda3aa1ccab9735	Mittelrheintal, Rheinland-Pfalz, Germany	50.38	7.39
Animalia, Arthropoda, Hexapoda, Insecta, Coleoptera, Cerambycidae	Phytoecia nigricornis	CACCCTTTATTTTATTTTTGGGGCCTGAGCAAGAATAGTAGGAACTTCACTTAGAATTTTAATTCGATCAGAATTAGGGACTCCCGGATCTCTAATTGGTGATGATCAAATTTATAATGTAATTGTTACTGCTCATGCATTTGTTATAATTTTTTTTATAGTAATACCTATCATAATTGGAGGATTTGGAAATTGATTAGTCCCTTTAATACTAGGTGCCCCTGATATAGCATTTCCTCGAATAAATAATATAAGATTTTGACTTCTTCCCCCTTCTCTTAGACTCTTAATTATAAGAAGAATTGTAGATAATGGAGCAGGAACAGGATGAACAGTTTATCCCCCTTTAGCTGCAAATGTAGCTCATAATGGTTCATCTGTTGATTTAGCAATTTTTAGACTCCATTTAGCAGGTATTTCTTCTATTTTAGGAGCAGTAAATTTTATTACTACAGTAATTAATATACGTCCTAGAGGAATAACTCTTGATCGAATACCCCTATTTGTTTGAGCTGTTAAAATTACAGCTATTCTATTACTTCTTTCTCTTCCAGTATTAGCAGGAGCTATTACTATATTATTAACAGATCGAAATTTAAACACTTCTTTTTTTGATCCCGCAGGAGGTGGAGATCCAATTCTTTATCAACACTTATTT	ZSM	BC ZSM COL 03084;FBCOD519-11	https://bolgermany.de/specimen/a40d44b2b05a0b981625b1bf80088e70	Germany, Hainich, Thüringen	50.87	11.57
Animalia, Arthropoda, Hexapoda, Insecta, Coleoptera, Cerambycidae	Phytoecia nigricornis	CACCCTCTATTTTATTTTTGGGGCGTGAGCAAGAATAGTAGGAACTTCACTTAGAATTTTGATTCGATCAGAATTAGGGACTCCCGGATCCTTAATTGGTGATGATCAAATTTATAATGTAATTGTTACTGCTCATGCATTTATTATAATTTTTTTTATAGTAATACCTATTATAATTGGAGGTTTTGGAAATTGATTAGTCCCTTTAATATTAGGTGCCCCTGATATAGCATTCCCTCGAATAAATAATATAAGATTTTGACTTCTTCCCCCTTCCCTTAGACTTTTAATTATAAGAAGAATTGTAGATAATGGAGCAGGAACAGGATGAACAGTTTATCCCCCTTTAGCTGCAAATGTAGCTCATAATGGTTCATCAGTTGATCTAGCAATTTTTAGATTACACTTAGCTGGAATTTCTTCTATTCTAGGAGCAGTAAATTTTATTACCACAGTAATTAATATACGCCCTAAAGGAATAACTCTTGATCGAATACCCCTATTCGTTTGAGCTGTTAAAATTACAGCTATTTTATTACTTCTTTCACTTCCAGTATTAGCAGGAGCTATTACCATACTACTTACAGATCGAAATTTAAATACTTCTTTTTTTGACCCCGCAGGA	ZSM	BFB_Col_FK_4430;FBCOE440-12	https://bolgermany.de/specimen/02ffa396fc79b9449f8ad5b9c971ec9b	Nordrhein-Westfalen, Germany, Niederrheinische Bucht	50.78	7.22
Animalia, Arthropoda, Hexapoda, Insecta, Coleoptera, Cerambycidae	Phytoecia nigricornis	CACCCTCTATTTTATTTTTGGGGCGTGAGCAAGAATAGTAGGAACTTCACTTAGAATTTTGATTCGATCAGAATTAGGGACTCCCGGATCCTTAATTGGTGATGATCAAATTTATAATGTAATTGTTACTGCTCATGCATTTATTATAATTTTTTTTATAGTAATACCTATTATAATTGGAGGTTTTGGAAATTGATTAGTCCCTTTAATATTAGGTGCCCCTGATATAGCATTCCCTCGAATAAATAATATAAGATTTTGACTTCTTCCCCCTTCCCTTAGACTTTTAATTATAAGAAGAATTGTAGATAATGGAGCAGGAACAGGATGAACAGTTTATCCCCCTTTAGCTGCAAATGTAGCTCATAATGGTTCATCAGTTGATCTAGCAATTTTTAGATTACACTTAGCTGGAATTTCTTCTATTCTAGGAGCAGTAAATTTTATTACCACAGTAATTAATATACGCCCTAAAGGAATAACTCTTGATCGAATACCCCTATTCGTTTGAGCTGTTAAAATTACAGCTATTTTATTACTTCTTTCACTTCCAGTATTAGCAGGAGCTATTACCATACTACTTACAGATCGAAATTTAAATACTTCTTTTTTTGACCCCGCAGG	ZSM	BFB_Col_FK_4431;FBCOE441-12	https://bolgermany.de/specimen/76d8dc9c345c9b3858683e442838a53c	Germany, Niederrheinische Bucht, Nordrhein-Westfalen	50.78	7.22
Animalia, Arthropoda, Hexapoda, Insecta, Coleoptera, Cerambycidae	Phytoecia nigricornis	CACCCTCTATTTTATTTTTGGGGCGTGAGCAAGAATAGTAGGAACTTCACTTAGAATTTTGATTCGATCAGAATTAGGGACTCCCGGATCCTTAATTGGTGATGATCAAATTTATAATGTAATTGTTACTGCTCATGCATTTATTATAATTTTTTTTATAGTAATACCTATTATAATTGGAGGTTTTGGAAATTGATTAGTCCCTTTAATATTAGGTGCCCCTGATATAGCATTCCCTCGAATAAATAATATAAGATTTTGACTTCTTCCCCCTTCCCTTAGACTTTTAATTATAAGAAGAATTGTAGATAATGGAGCAGGAACAGGATGAACAGTTTATCCCCCTTTAGCTGCAAATGTAGCTCATAATGGTTCATCAGTTGATCTAGCAATTTTTAGATTACACTTAGCTGGAATTTCTTCTATTCTAGGAGCAGTAAATTTTATTACCACAGTAATTAATATACGCCCTAAAGGAATAACTCTTGATCGAATACCCCTATTCGTTTGAGCTGTTAAAATTACAGCTATTTTATTACTTCTTTCACTTCCAGTATTAGCAGGAGCTATTACCATACTACTTACAGATCGAAATTTAAATACTTCTTTTTTTGACCCCGCAGGAGGAGGAGATCCCATTCTTTACCAACATTTATTT	ZSM	GBOL_Col_FK_2761;GBCOL196-12	https://bolgermany.de/specimen/9ca0a727f4dff1991c662eb72a2d66c3	Germany, Leipziger Tieflandsbucht, Sachsen	51.18	12.48
Animalia, Arthropoda, Hexapoda, Insecta, Coleoptera, Cerambycidae	Phytoecia nigricornis	CACCCTCTATTTTATTTTTGGGGCGTGAGCAAGAATAGTAGGAACTTCACTTAGAATTTTGATTCGATCAGAATTAGGGACTCCCGGATCCTTAATTGGTGATGATCAAATTTATAATGTAATTGTTACTGCTCATGCATTTATTATAATTTTTTTTATAGTAATACCTATTATAATTGGAGGTTTTGGAAATTGATTAGTCCCTTTAATATTAGGTGCCCCTGATATAGCATTCCCTCGAATAAATAATATAAGATTTTGACTTCTTCCCCCTTCCCTTAGACTTTTAATTATAAGAAGAATTGTAGATAATGGAGCAGGAACAGGATGAACAGTTTATCCCCCTTTAGCTGCAAATGTAGCTCATAATGGTTCATCAGTTGATCTAGCAATTTTTAGATTACACTTAGCTGGAATTTCTTCTATTCTAGGAGCAGTAAATTTTATTACCACAGTAATTAATATACGCCCTAAAGGAATAACTCTTGATCGAATACCCCTATTCGTTTGAGCTGTTAAAATTACAGCTATTTTATTACTTCTTTCACTTCCAGTATTAGCAGGAGCTATTACCATACTACTTACAGATCGAAATTTAAATACTTCTTTTTTTGACCCCGCAGGAGGAGGAGATCCCATTCTTTACCAACATTTATTT	ZSM	BFB_Col_FK_10545;FBCOQ095-13	https://bolgermany.de/specimen/ba96d3663157c25f03da2eec3aafdc7a	Germany, Niederrheinische Bucht, Nordrhein-Westfalen	50.76	6.82
Animalia, Arthropoda, Hexapoda, Insecta, Coleoptera, Cerambycidae	Phytoecia nigricornis	TTCACTTAGAATTTTGATTCGATCAGAATTAGGGACTCCCGGATCCTTAATTGGTGATGATCAAATTTATAATGTAATTGTTACTGCTCATGCATTTATTATAATTTTTTTTATAGTAATACCTATTATAATTGGAGGTTTTGGAAATTGATTAGTCCCTTTAATATTAGGTGCCCCTGATATAGCATTCCCTCGAATAAATAATATAAGATTTTGACTTCTTCCCCCTTCCCTTAGACTTTTAATTATAAGAAGAATTGTAGATAATGGAGCAGGAACAGGATGAACAGTTTATCCCCCTTTAGCTGCAAATGTAGCTCATAATGGTTCATCAGTTGATCTAGCAATTTTTAGATTACACTTAGCTGGAATTTCTTCTATTCTAGGAGCAGTAAATTTTATTACCACAGTAATTAATATACGCCCTAAAGGAATAACTCTTGATCGAATACCCCTATTCGTTTGAGCTGTTAAAATTACAGCTATTTTATTACTTCTTTCACTGCCAGTATTAGCAGGAGCTATTACCATACTACTTACAGATCGAAATTTAAATACTTCTTTTTTTGACCCCGCAGGAGGAGGAGATCCCATTCTTTACCAACATTTATTT	ZSM	GBOL_Col_FK_8111;GBCOU2981-13	https://bolgermany.de/specimen/0d23067b01a7f0437f1d0eaa2b7bc6b2	Rheintal, Rheinland-Pfalz, Germany	50.38	7.39
Animalia, Arthropoda, Hexapoda, Insecta, Coleoptera, Cerambycidae	Phytoecia nigricornis	ACCCTCTATTTTATTTTTGGGGCGTGAGCAAGAATAGTAGGAACTTCACTTAGAATTTTGATTCGATCAGAATTAGGGACTCCCGGATCCTTAATTGGTGATGATCAAATTTATAATGTAATTGTTACTGCTCATGCATTTATTATAATTTTTTTTATAGTAATACCTATTATAATTGGAGGTTTTGGAAATTGATTAGTCCCTTTAATATTAGGTGCCCCTGATATAGCATTCCCTCGAATAAATAATATAAGATTTTGACTTCTTCCCCCTTCCCTTAGACTTTTAATTATAAGAAGAATTGTAGATAATGGAGCAGGAACAGGATGAACAGTTTATCCCCCTTTAGCTGCAAATGTAGCTCATAATGGTTCATCAGTTGATCTAGCAATTTTTAGATTACACTTAGCTGGAATTTCTTCTATTCTAGGAGCAGTAAATTTTATTACCACAGTAATTAATATACGCCCTAAAGGAATAACTCTTGATCGAATACCCCTATTCGTTTGAGCTGTTAAAATTACAGCTATTTTATTACTTCTTTCACTTCCAGTATTAGCAGGAGCTATTACCATA	ZFMK	BIOUG17069-D06;GMGMJ158-14	https://bolgermany.de/specimen/595822df1b0a3d2b69984137ef6405ae	Germany, Kreis Ahrweiler, Rheinland-Pfalz	50.55	7.17
Animalia, Arthropoda, Hexapoda, Insecta, Coleoptera, Cerambycidae	Phytoecia nigricornis	ACCCTCTATTTTATTTTTGGGGCGTGAGCAAGAATAGTAGGAACTTCACTTAGAATTTTGATTCGATCAGAATTAGGGACTCCCGGATCCTTAATTGGTGATGATCAAATTTATAATGTAATTGTTACTGCTCATGCATTTATTATAATTTTTTTTATAGTAATACCTATTATAATTGGAGGTTTTGGAAATTGATTAGTCCCTTTAATATTAGGTGCCCCTGATATAGCATTCCCTCGAATAAATAATATAAGATTTTGACTTCTTCCCCCTTCCCTTAGACTTTTAATTATAAGAAGAATTGTAGATAATGGAGCAGGAACAGGATGAACAGTTTATCCCCCTTTAGCTGCAAATGTAGCTCATAATGGTTCATCAGTTGATCTAGCAATTTTTAGATTACACTTAGCTGGAATTTCTTCTATTCTAGGAGCAGTAAATTTTATTACCACAGTAATTAATATACGCCCTAAAGGAATAACTCTTGATCGAATACCCCTATTCGTTTGAGCTGTTAAAATTACAGCTATTTTATTACTTCTTTCACTTCCAGTATTAGCAGGAGCTATTACCATACTACTTACAGATCGA	ZFMK	BIOUG17093-A05;GMGMJ867-14	https://bolgermany.de/specimen/f6f41a9ae3ed2a041c21689ccd144ce8	Rheinland-Pfalz, Germany, Kreis Ahrweiler	50.55	7.17
Animalia, Arthropoda, Hexapoda, Insecta, Coleoptera, Cerambycidae	Phytoecia nigricornis	ACCCTCTATTTTATTTTTGGGGCGTGAGCAAGAATAGTAGGAACTTCACTTAGAATTTTGATTCGATCAGAATTAGGGACTCCCGGATCCTTAATTGGTGATGATCAAATTTATAATGTAATTGTTACTGCTCATGCATTTATTATAATTTTTTTTATAGTAATACCTATTATAATTGGAGGTTTTGGAAATTGATTAGTCCCTTTAATATTAGGTGCCCCTGATATAGCATTCCCTCGAATAAATAATATAAGATTTTGACTTCTTCCCCCTTCCCTTAGACTTTTAATTATAAGAAGAATTGTAGATAATGGAGCAGGAACAGGATGAACAGTTTATCCCCCTTTAGCTGCAAATGTAGCTCATAATGGTTCATCAGTTGATCTAGCAATTTTTAGATTACACTTAGCTGGAATTTCTTCTATTCTAGGAGCAGTAAATTTTATTACCACAGTAATTAATATACGCCCTAAAGGAATAACTCTTGATCGAATACCCCTATTCGTTTGAGCTGTTAAAATTACAGCTATTTTATTACTTCTTTCACTTCCAGTATTAGCAGGAGCTATTACCATACTACTTACAGATCGA	ZFMK	ZFMK-TIS-1802421	https://bolgermany.de/specimen/16254a5e0591e4fcfdada559831da35b	Germany, Kreis Ahrweiler, Rheinland-Pfalz	50.52	7.26
Animalia, Arthropoda, Hexapoda, Insecta, Coleoptera, Cerambycidae	Phytoecia nigricornis	CACCCTCTATTTTATTTTTGGGGCGTGAGCAAGAATAGTAGGAACTTCACTTAGAATTTTGATTCGATCAGAATTAGGGACTCCCGGATCCTTAATTGGTGATGATCAAATTTATAATGTAATTGTTACTGCTCATGCATTTATTATAATTTTTTTTATAGTAATACCTATTATAATTGGAGGTTTTGGAAATTGATTAGTCCCTTTAATATTAGGTGCCCCTGATATAGCATTCCCTCGAATAAATAATATAAGATTTTGACTTCTTCCCCCTTCCCTTAGACTTTTAATTATAAGAAGAATTGTAGATAATGGAGCAGGAACAGGATGAACAGTTTATCCCCCTTTAGCTGCAAATGTAGCTCATAATGGTTCATCAGTTGATCTAGCAATTTTTAGATTACACTTAGCTGGAATTTCTTCTATTCTAGGAGCAGTAAATTTTATTACCACAGTAATTAATATACGCCCTAAAGGAATAACTCTTGATCGAATACCCCTATTCGTTTGAGCTGTTAAAATTACAGCTATTTTATTACTTCTTTCACTTCCAGTATTAGCAGGAGCTATTACCATACTACTTACAGATCGAAATTTAAATACTTCTTTTTTTGACCCCGCAGGAGGAGGAGATCCCATTCTTTACCAACATTTATTT	ZFMK	ZFMK-TIS-2001534	https://bolgermany.de/specimen/72086818b5bb72f891464500fd0cfb87	Thüringen, Germany, TH, NNW Altenburg,	51.06	12.41
Animalia, Arthropoda, Hexapoda, Insecta, Coleoptera, Cerambycidae	Phytoecia nigricornis	CACCCTCTATTTTATTTTTGGGGCGTGAGCAAGAATAGTAGGAACTTCACTTAGAATTTTGATTCGATCAGAATTAGGGACTCCCGGATCCTTAATTGGTGATGATCAAATTTATAATGTAATTGTTACTGCTCATGCATTTATTATAATTTTTTTTATAGTAATACCTATTATAATTGGAGGTTTTGGAAATTGATTAGTCCCTTTAATATTAGGTGCCCCTGATATAGCATTCCCTCGAATAAATAATATAAGATTTTGACTTCTTCCCCCTTCCCTTAGACTTTTAATTATAAGAAGAATTGTAGATAATGGAGCAGGAACAGGATGAACAGTTTATCCCCCTTTAGCTGCAAATGTAGCTCATAATGGTTCATCAGTTGATCTAGCAATTTTTAGATTACACTTAGCTGGAATTTCTTCTATTCTAGGAGCAGTAAATTTTATTACCACAGTAATTAATATACGCCCTAAAGGAATAACTCTTGATCGAATACCCCTATTCGTTTGAGCTGTTAAAATTACAGCTATTTTATTACTTCTTTCACTTCCAGTATTAGCAGGAGCTATTACCATACTACTTACAGATCGAAATTTAAATACTTCTTTTTTTGACCCCGCAGGAGGAGGAGATCCCATTCTTTACCAACATTTATTT	ZFMK	ZFMK-TIS-2003425	https://bolgermany.de/specimen/9883c6155f78ec31a11b8f3b1f24a640	Germany, Pößneck, Thüringen	50.64	11.63
Animalia, Arthropoda, Hexapoda, Insecta, Coleoptera, Cerambycidae	Phytoecia nigricornis	CACCCTCTATTTTATTTTTGGGGCGTGAGCAAGAATAGTAGGAACTTCACTTAGAATTTTGATTCGATCAGAATTAGGGACTCCCGGATCCTTAATTGGTGATGATCAAATTTATAATGTAATTGTTACTGCTCATGCATTTATTATAATTTTTTTTATAGTAATACCTATTATAATTGGAGGTTTTGGAAATTGATTAGTCCCTTTAATATTAGGTGCCCCTGATATAGCATTCCCTCGAATAAATAATATAAGATTTTGACTTCTTCCCCCTTCCCTTAGACTTTTAATTATAAGAAGAATTGTAGATAATGGAGCAGGAACAGGATGAACAGTTTATCCCCCTTTAGCTGCAAATGTAGCTCATAATGGTTCATCAGTTGATCTAGCAATTTTTAGATTACACTTAGCTGGAATTTCTTCTATTCTAGGAGCAGTAAATTTTATTACCACAGTAATTAATATACGCCCTAAAGGAATAACTCTTGATCGAATACCCCTATTCGTTTGAGCTGTTAAAATTACAGCTATTTTATTACTTCTTTCACTTCCAGTATTAGCAGGAGCTATTACCATACTACTTACAGATCGAAATTTAAATACTTCTTTTTTTGACCCCGCAGGAGGAGGAGATCCCATTCTTTACCAACATTTATTT	ZFMK	ZFMK-TIS-2509170	https://bolgermany.de/specimen/b2ae6a8fd18656a82a8b7900b329c1a0	Germany, Gewerbegebiet, Rheinland-Pfalz	50.37	7.3
Animalia, Arthropoda, Hexapoda, Insecta, Coleoptera, Cerambycidae	Phytoecia nigricornis	CACCCTCTATTTTATTTTTTTGGCGTGAGCAAGAATAGTAGGAACTTCACTTAGAATTTTGATTCGATCAGAATTAGGGACTCCCGGATCCTTAATTGGTGATGATCAAATTTATAATGTAATTGTTACTGCTCATGCATTTATTATAATTTTTTTTATAGTAATACCTATTATAATTGGAGGTTTTGGAAATTGATTAGTCCCTTTAATATTAGGTGCCCCTGATATAGCATTCCCTCGAATAAATAATATAAGATTTTGACTTCTTCCCCCTTCCCTTAGACTTTTAATTATAAGAAGAATTGTAGATAATGGAGCAGGAACAGGATGAACAGTTTATCCCCCTTTAGCTGCAAATGTAGCTCATAATGGTTCATCAGTTGATCTAGCAATTTTTAGATTACACTTAGCTGGAATTTCTTCTATTCTAGGAGCAGTAAATTTTATTACCACAGTAATTAATATACGCCCTAAAGGAATAACTCTTGATCGAATACCCCTATTCGTTTGAGCTGTTAAAATTACAGCTATTTTATTACTTCTTTCACTTCCAGTATTAGCAGGAGCTATTACCATACTACTTACAGATCGAAATTTAAATACTTCTTTTTTTGACCCCGCAGGAGGAGGAGATCCCATTCTTTACCAACATTTATTT	ZFMK	ZFMK-TIS-2509169	https://bolgermany.de/specimen/3c4a21281293531f6fbb09476e062f55	Rheinland-Pfalz, Germany, Gewerbegebiet	50.3	7.32
Animalia, Arthropoda, Hexapoda, Insecta, Coleoptera, Cerambycidae	Phytoecia nigricornis	CACCCTCTATTTTATTTTTGGGGCGTGAGCAAGAATAGTAGGAACTTCACTTAGAATTTTGATTCGATCAGAATTAGGGACTCCCGGATCCTTAATTGGTGATGATCAAATTTATAATGTAATTGTTACTGCTCATGCATTTATTATAATTTTTTTTATAGTAATACCTATTATAATTGGAGGTTTTGGAAATTGATTAGTCCCTTTAATATTAGGTGCCCCTGATATAGCATTCCCTCGAATAAATAATATAAGATTTTGACTTCTTCCCCCTTCCCTTAGACTTTTAATTATAAGAAGAATTGTAGATAATGGAGCAGGAACAGGATGAACAGTTTATCCCCCTTTAGCTGCAAATGTAGCTCATAATGGTTCATCAGTTGATCTAGCAATTTTTAGATTACACTTAGCTGGAATTTCTTCTATTCTAGGAGCAGTAAATTTTATTACCACAGTAATTAATATACGCCCTAAAGGAATAACTCTTGATCGAATACCCCTATTCGTTTGAGCTGTTAAAATTACAGCTATTTTATTACTTCTTTCACTTCCAGTATTAGCAGGAGCTATTACCATACTACTTACAGATCGAAATTTAAATACTTCTTTTTTTGACCCCGCAGGAGGAGGAGATCCCATTCTTTACCAACATTTATTT	ZFMK	ZFMK-TIS-2511749	https://bolgermany.de/specimen/9e975ebd5043f1af5d736975a1371d95	Sachsen, Germany, Leipzig, Kleinzschocher, Cospudener See	51.26	12.27
Animalia, Arthropoda, Hexapoda, Insecta, Coleoptera, Cerambycidae	Phytoecia nigricornis	CACCCTCTATTTTATTTTTGGGGCGTGAGCAAGAATAGTAGGAACTTCACTTAGAATTTTGATTCGATCAGAATTAGGGACTCCCGGATCCTTAATTGGTGATGATCAAATTTATAATGTAATTGTTACTGCTCATGCATTTATTATAATTTTTTTTATAGTAATACCTATTATAATTGGAGGTTTTGGAAATTGATTAGTCCCTTTAATATTAGGTGCCCCTGATATAGCATTCCCTCGAATAAATAATATAAGATTTTGACTTCTTCCCCCTTCCCTTAGACTTTTAATTATAAGAAGAATTGTAGATAATGGAGCAGGAACAGGATGAACAGTTTATCCCCCTTTAGCTGCAAATGTAGCTCATAATGGTTCATCAGTTGATCTAGCAATTTTTAGATTACACTTAGCTGGAATTTCTTCTATTCTAGGAGCAGTAAATTTTATTACCACAGTAATTAATATACGCCCTAAAGGAATAACTCTTGATCGAATACCCCTATTCGTTTGAGCTGTTAAAATTACAGCTATTTTATTACTTCTTTCACTTCCAGTATTAGCAGGAGCTATTACCATACTACTTACAGATCGAAATTTAAATACTTCTTTTTTTGACCCCGCAGGAGGAGGAGATCCCATTCTTTACCAACATTTATTT	ZFMK	ZFMK-TIS-2550594	https://bolgermany.de/specimen/e6f45abc7edf2029f7e49342dd4fbf8d	Sachsen-Anhalt, Germany, Halberstadt, Lkr. Harz	52.01	10.87
Animalia, Arthropoda, Hexapoda, Insecta, Coleoptera, Cerambycidae	Phytoecia nigricornis	CACCCTCTATTTTATTTTTGGGGCGTGAGCAAGAATAGTAGGAACTTCACTTAGAATTTTGATTCGATCAGAATTAGGGACTCCCGGATCCTTAATTGGTGATGATCAAATTTATAATGTAATTGTTACTGCTCATGCATTTATTATAATTTTTTTTATAGTAATACCTATTATAATTGGAGGTTTTGGAAATTGATTAGTCCCTTTAATATTAGGTGCCCCTGATATAGCATTCCCTCGAATAAATAATATAAGATTTTGACTTCTTCCCCCTTCCCTTAGACTTTTAATTATAAGAAGAATTGTAGATAATGGAGCAGGAACAGGATGAACAGTTTATCCCCCTTTAGCTGCAAATGTAGCTCATAATGGTTCATCAGTTGATCTAGCAATTTTTAGATTACACTTAGCTGGAATTTCTTCTATTCTAGGAGCAGTAAATTTTATTACCACAGTAATTAATATACGCCCTAAAGGAATAACTCTTGATCGAATACCCCTATTCGTTTGAGCTGTTAAAATTACAGCTATTTTATTACTTCTTTCACTTCCAGTATTAGCAGGAGCTATTACCATACTACTTACAGATCGAAATTTAAATACTTCTTTTTTTGACCCCGCAGGAGGAGGAGATCCCATTCTTTACCAACATTTATTT	ZFMK	ZFMK-TIS-2550593	https://bolgermany.de/specimen/dcb310417c801448a770d055a824001e	Germany, Halberstadt, Lkr. Harz, Sachsen-Anhalt	51.91	10.98
Animalia, Arthropoda, Hexapoda, Insecta, Coleoptera, Cerambycidae	Phytoecia nigricornis	ACCCTCTATTTTATTTTTGGGGCGTGAGCAAGAATAGTAGGAACTTCACTTAGAATTTTGATTCGATCAGAATTAGGGACTCCCGGATCCTTAATTGGTGATGATCAAATTTATAATGTAATTGTTACTGCTCATGCATTTATTATAATTTTTTTTATAGTAATACCTATTATAATTGGAGGTTTTGGAAATTGATTAGTCCCTTTAATATTAGGTGCCCCTGATATAGCATTCCCTCGAATAAATAATATAAGATTTTGACTTCTTCCCCCTTCCCTTAGACTTTTAATTATAAGAAGAATTGTAGATAATGGAGCAGGAACAGGATGAACAGTTTATCCCCCTTTAGCTGCAAATGTAGCTCATAATGGTTCATCAGTTGATCTAGCAATTTTTAGATTACACTTAGCTGGAATTTCTTCTATTCTAGGAGCAGTAAATTTTATTACCACAGTAATTAATATACGCCCTAAAGGAATAACTCTTGATCGAATACCCCTATTCGTTTGAGCTGTTAAAATTACAGCTATTTTATTACTTCTTTCACTTCCAGTATTAGCAGGAGCTATTACCATA	ZFMK	GBOL-223955564	https://bolgermany.de/specimen/42e103c8778c2efd657a4654781798a3	Rheinland-Pfalz, Germany, Kreis Ahrweiler	50.52	7.25
Animalia, Arthropoda, Hexapoda, Insecta, Coleoptera, Cerambycidae	Phytoecia nigripes	CACGCTTTATTTTATCTTTGGAGCGTGAGCAGGGATAGTAGGAACTTCCCTTAGAATTTTAATTCGATCAGAATTAGGTACCCCTGGATCCCTAATTGGCGATGATCAAATTTATAATGTAATTGTAACTGCCCATGCATTTATTATAATTTTTTTTATAGTAATACCTATTATAATTGGAGGATTTGGGAATTGACTAGTCCCCTTAATACTAGGAGCCCCTGATATAGCATTTCCCCGAATGAATAATATAAGATTTTGGCTTCTTCCCCCTTCCCTTAGACTCTTAATTATAAGAAGAATTGTAGATAATGGAGCAGGAACAGGATGAACAGTTTACCCCCCCCTAGCTGCAAATGTAGCTCATAATGGTTCATCAGTTGATTTAGCAATTTTCAGACTTCATTTAGCTGGAATTTCCTCTATTTTAGGAGCAGTAAATTTTATTACCACAGTAATTAATATACGCCCTAAAGGAATAACTCTTGATCGAATACCCCTATTCGTTTGAGCAGTTAAAATTACAGCTATCTTATTACTTCTCTCCCTTCCAGTATTAGCAGGAGCTATTACAATATTATTGACAGATCGAAATTTAAATACCTCCTTTTTTGATCCCGCAGGAGGAGGAGATCCTATTCTCTATCAACATTTATTT	ZSM	BC ZSM COLA 00353;FBCOC163-10	https://bolgermany.de/specimen/c0264db5c27fd8a76c50509f3365d085	Germany, Schwaben, Bayern	47.82	10.54
Animalia, Arthropoda, Hexapoda, Insecta, Coleoptera, Cerambycidae	Phytoecia nigripes	CACGCTTTATTTTATCTTTGGAGCGTGAGCAGGGATAGTAGGAACTTCCCTTAGAATTTTAATTCGATCAGAATTAGGTACCCCTGGATCCCTAATTGGTGATGATCAAATTTATAATGTAATTGTAACTGCCCATGCATTTATTATAATTTTTTTCATAGTAATACCTATTATAATTGGAGGATTTGGGAATTGATTAGTCCCCTTAATACTAGGAGCCCCTGATATAGCATTTCCCCGAATGAATAATATAAGATTTTGGCTTCTTCCCCCTTCCCTTAGACTCTTAATTATAAGAAGAATTGTAGATAATGGAGCAGGAACAGGATGAACAGTTTACCCCCCCCTAGCTGCAAATGTAGCTCATAATGGTTCATCAGTTGATTTAGCAATTTTCAGACTTCATTTAGCTGGAATTTCCTCTATTTTAGGAGCAGTAAATTTTATTACTACAGTAATTAATATACGCCCTAAAGGAATAACTCTTGATCGAATACCCCTATTCGTTTGAGCAGTTAAAATTACAGCTATCTTATTACTTCTATCCCTTCCAGTATTAGCAGGAGCTATTACAATATTATTGACAGATCGAAATTTAAATACCTCCTTTTTTGATCCCGCAGGAGGAGGAGATCCTATTCTCTATCAACATTTATTT	ZSM	GBOL05721;GBCOU5711-14	https://bolgermany.de/specimen/5f289a13dd9bc09a0afa564b1a36a4aa	Sofiya, Europa, Bulgaria	41.47	24.42
Animalia, Arthropoda, Hexapoda, Insecta, Coleoptera, Cerambycidae	Phytoecia pustulata	CACTCTTTATTTTATTTTTGGTGCATGAGCAAGAATAGTTGGAACTTCACTTAGAATTTTAATCCGATCAGAATTAGGAACTCCCGGATCCCTAATTGGAGATGATCAAATTTATAATGTAATTGTTACTGCTCATGCATTTATTATAATTTTTTTTATAGTAATACCTATTATAATTGGAGGATTTGGAAATTGATTAGTTCCTTTAATACTAGGTGCCCCTGATATAGCATTTCCCCGAATAAATAATATAAGATTTTGACTTCTTCCCCCTTCACTTAGACTTTTAATTATAAGAAGAATTGTAGATAATGGAGCAGGAACAGGATGAACAGTTTATCCCCCTTTAGCTGCAAATGTAGCTCATAATGGTTCATCAGTTGATTTAGCAATTTTTAGGCTTCATTTAGCTGGAATTTCTTCTATTTTAGGAGCAGTAAATTTTATTACTACAGTAATTAATATACGTCCTAGAGGAATAACACTTGATCGAATACCCCTATTCGTTTGAGCTGTTAAAATTACAGCTATTTTATTACTTCTTTCCCTTCCAGTATTAGCAGGAGCAATTACTATATTATTAACAGATCGAAATTTAAATACTTCTTTTTTTGATCCTGCAGGAGGAGGAGATCCAATTCTTTACCAACATTTATTT	ZFMK	ZFMK-TIS-2003078	https://bolgermany.de/specimen/bed5c9515ba3fbd35415015be1b3fd6b	Germany, Drei-Gleichen-Gebiet, Thüringen	50.78	10.81
Animalia, Arthropoda, Hexapoda, Insecta, Coleoptera, Cerambycidae	Phytoecia pustulata	CACTCTTTATTTTATTTTTGGTGCATGAGCAAGAATAGTTGGAACTTCACTTAGAATTTTAATCCGATCAGAATTAGGAACTCCCGGATCCCTAATTGGAGATGATCAAATTTATAATGTAATTGTTACTGCTCATGCATTTATTATAATTTTTTTTATAGTAATACCTATTATAATTGGAGGATTTGGAAATTGATTAGTTCCTTTAATACTAGGTGCCCCTGATATAGCATTTCCCCGAATAAATAATATAAGATTTTGACTTCTTCCCCCTTCACTTAGACTTTTAATTATAAGAAGAATTGTAGATAATGGAGCAGGAACAGGATGAACAGTTTATCCCCCTTTAGCTGCAAATGTAGCTCATAATGGTTCATCAGTTGATTTAGCAATTTTTAGGCTTCATTTAGCTGGAATTTCTTCTATTTTAGGAGCAGTAAATTTTATTACTACAGTAATTAATATACGTCCTAGAGGAATAACACTTGATCGAATACCCCTATTCGTTTGAGCTGTTAAAATTACAGCTATTTTATTACTTCTTTCCCTTCCAGTATTAGCAGGAGCAATTACTATATTATTAACAGATCGAAATTTAAATACTTCTTTTTTTGATCCTGCAGGAGGAGGAGATCCAATTCTTTACCAACATTTATTT	ZFMK	ZFMK-TIS-2001839	https://bolgermany.de/specimen/d86ece987dd1303e4f66faa5285c5485	Germany, Drei-Gleichen-Gebiet, Thüringen	50.97	10.8
Animalia, Arthropoda, Hexapoda, Insecta, Coleoptera, Cerambycidae	Phytoecia pustulata	CACTCTTTATTTTATTTTTGGTGCATGAGCAAGAATAGTTGGAACTTCACTTAGAATTTTAATCCGATCAGAATTAGGAACTCCCGGATCCCTAATTGGAGATGATCAAATTTATAATGTAATTGTTACTGCTCATGCATTTATTATAATTTTTTTTATAGTAATACCTATTATAATTGGAGGATTTGGAAATTGATTAGTTCCTTTAATACTAGGTGCCCCTGATATAGCATTTCCCCGAATAAATAATATAAGATTTTGACTTCTTCCCCCTTCACTTAGACTTTTAATTATAAGAAGAATTGTAGATAATGGAGCAGGAACAGGATGAACAGTTTATCCCCCTTTAGCTGCAAATGTAGCTCATAATGGTTCATCAGTTGATTTAGCAATTTTTAGGCTTCATTTAGCTGGAATTTCTTCTATTTTAGGAGCAGTAAATTTTATTACTACAGTAATTAATATACGTCCTAGAGGAATAACACTTGATCGAATACCCCTATTCGTTTGAGCTGTTAAAATTACAGCTATTTTATTACTTCTTTCCCTTCCAGTATTAGCAGGAGCAATTACTATATTATTAACAGATCGAAATTTAAATACTTCTTTTTTTGATCCTGCAGGAGGAGGAGATCCAATTCTTTACCAACATTTATTT	ZFMK	ZFMK-TIS-2529748	https://bolgermany.de/specimen/11e559338684a314dc040c3e69b4d7c3	Germany, Schulmeisterberg südl. Timmenrode, Sachsen-Anhalt	51.8	10.99
Animalia, Arthropoda, Hexapoda, Insecta, Coleoptera, Cerambycidae	Phytoecia uncinata	CACTCTTTATTTTATTTTTGGAGCATGAGCAAGAATAGTAGGAACTTCCCTTAGTCTTTTAATTCGATCAGAATTAGGGACACCCGGATCTTTAATTGGTGATGATCAAATTTATAATGTAATTGTAACAGCCCATGCATTTATTATAATTTTTTTTATGGTTATACCTATTATAATTGGAGGATTTGGAAATTGACTAGTACCCTTAATACTAGGAGCCCCAGATATAGCATTTCCTCGAATAAATAATATAAGATTTTGACTTCTTCCCCCTTCCCTGACATTATTAATTATAAGAAGAATCGTTGATAATGGAGCAGGAACAGGATGAACAGTTTATCCCCCTTTAGCTGCTAATGTAGCCCATAATGGTTCATCTGTAGATTTAGCAATTTTTAGTCTTCACTTGGCTGGAATTTCTTCTATTTTAGGAGCAGTAAATTTTATTACTACTGTAATTAATATACGTCCAAGAGGAATAACACTTGATCGAATACCCCTATTCGTTTGAGCCGTAAAAATTACAGCTATTTTATTATTACTTTCTCTTCCAGTACTAGCAGGAGCTATTACTATATTATTAACTGATCGAAATTTAAATACCTCTTTTTTTGATCCGGCAGGAGGAGGAGATCCAATCTTATATCAACATTTATTT	ZSM	GBOL04313;GBCOU5164-14	https://bolgermany.de/specimen/3e5982d9c52a1ba88fc589fea7fa9963	Hungary, Veszprem, Europa	47.0	17.58
Animalia, Arthropoda, Hexapoda, Insecta, Coleoptera, Cerambycidae	Phytoecia uncinata	CACTCTTTATTTTATTTTTGGAGCATGAGCAAGAATAGTAGGAACTTCCCTTAGTCTTTTAATTCGATCAGAATTAGGAACACCCGGATCTTTAATTGGTGATGATCAAATTTATAATGTAATTGTAACAGCCCATGCATTTATTATAATTTTTTTTATGGTTATACCTATTATAATTGGAGGATTTGGAAATTGACTAGTACCCTTAATACTAGGAGCCCCAGATATAGCATTTCCTCGAATAAATAATATAAGATTTTGACTTCTTCCCCCTTCCCTGACATTATTAATTATAAGAAGAATCGTTGATAATGGAGCAGGAACAGGATGAACAGTTTATCCCCCTTTAGCTGCTAATGTAGCCCATAATGGTTCATCTGTAGATTTAGCAATTTTTAGTCTTCACTTGGCTGGAATTTCTTCTATTTTAGGAGCAGTAAATTTTATTACTACTGTAATTAATATACGTCCAAGAGGAATAACACTTGATCGAATACCCCTATTCGTTTGAGCCGTAAAAATTACAGCTATTTTATTATTACTTTCTCTTCCAGTACTAGCAGGAGCTATTACTATATTATTAACTGATCGAAATTTAAATACCTCTTTTTTTGATCCGGCAGGAGGAGGAGATCCAATCTTATATCAACATTTATTT	ZSM	GBOL13989;GBCOU9570-15	https://bolgermany.de/specimen/8cae19aad693e9d00ae8b355b4c100b5	Germany, Bayern	48.85	11.77
Animalia, Arthropoda, Hexapoda, Insecta, Coleoptera, Cerambycidae	Phytoecia virgula	AACCCTTTATTTTATTTTTGGGGCATGAGCAAGAATAGTAGGAACTTCACTTAGAATTTTAATTCGATCAGAATTGGGAACTCCCGGATCCTTAATTGGAGATGATCAAATTTATAATGTAATTGTTACTGCTCATGCATTTATTATAATTTTTTTTATAGTAATACCAATTATAATTGGAGGATTTGGAAATTGATTAGTTCCTTTAATACTAGGTGCCCCTGATATAGCATTCCCTCGAATAAATAATATAAGATTTTGACTTCTTCCCCCCTCTCTTAGTCTTTTAATTATAAGAAGAATTGTTGATAATGGAGCAGGAACAGGATGAACAGTTTATCCCCCTTTAGCTGCAAATGTAGCTCATAATGGTTCATCAGTTGATTTAGCAATTTTTAGTCTCCATTTAGCTGGAATTTCCTCTATTCTAGGAGCTGTAAATTTTATTACTACAGTAATTAATATACGTCCCAGAGGAATAACTCTTGATCGAATACCCCTATTCGTTTGAGCTGTTAAAATTACAGCTATTTTACTACTTCTTTCTCTTCCAGTATTAGCAGGAGCTATTACTATATTATTGACAGATCGAAACTTAAATACTTCCTTCTTTGACCCTGCAGGAGGAGGAGATCCTATTCTTTATCAACATTTATTT	ZFMK	ZFMK-TIS-2529227	https://bolgermany.de/specimen/4900be4866f44ac4067f540ebc82d275	Germany, Zossen-Kallinchen, Brandenburg	52.16	13.51
Animalia, Arthropoda, Hexapoda, Insecta, Coleoptera, Cerambycidae	Phytoecia virgula	AATATTATATTTTATTTTCGCAATATGAGCTGGAATAATTGGAGCTTCACTAAGAATAATTATTCGAATAGAATTAAGAGCCCCTGGAAGATGAATTAATAATGATCAAATTTATAATACTATTATTACATCACATGCATTTGTAATAATTTTCTTTATAGTTATACCATTTATAATTGGGGGATTTGGTAATTGATTAGTACCACTAATAATTGGAGCCCCTGATATAGCATTCCCACGAATAAATAATATAAGATTTTGATTATTAATTCCTTCTTTATTCATATTATTAATAAGAAGAATTTTATCATCAGGATCAGGAACAGGATGAACAGTTTACCCTCCATTATCTTCAATTACATACCATTCATCTATTTCTGTAGATTGCACTATCTTTTCATTACACATTGCTGGAATCTCATCCATTATAGGAGCTATTAATTTTATTGTTTCAATTATATTAATAAAAAATATTTCAATCAATTATGATCAAATTCCATTATTCCCATGATCAGTAAAAATTACAGCTATCCTTTTACTTTTATCTTTACCCGTATTAGCCGGAGCTATTACTATATTATTAACAGATCGAAACTTAAACACTTCATTTTTTGACCCCTCAGGGGGGGGAGACCCAATTCTTTACCAACATTTATTT	ZFMK	ZFMK-TIS-2604724	https://bolgermany.de/specimen/f9dbf969f909bf18641d4483dee40cd6	Germany, Nordrhein-Westfalen	50.6	6.9
Animalia, Arthropoda, Hexapoda, Insecta, Coleoptera, Cerambycidae	Phytoecia virgula	AATATTATATTTTATTTTCGCAATATGAGCTGGAATAATTGGAGCTTCACTAAGAATAATTATTCGAATAGAATTAAGAGCCCCTGGAAGATGAATTAATAATGATCAAATTTATAATACTATTATTACATCACATGCATTTGTAATAATTTTCTTTATAGTTATACCATTTATAATTGGGGGATTTGGTAATTGATTAGTACCACTAATAATTGGAGCCCCTGATATAGCATTCCCACGAATAAATAATATAAGATTTTGATTATTAATTCCTTCTTTATTCATATTATTAATAAGAAGAATTTTATCATCAGGATCAGGAACAGGATGAACAGTTTACCCTCCATTATCTTCAATTACATACCATTCATCTATTTCTGTAGATTGCACTATCTTTTCATTACACATTGCTGGAATCTCATCCATTATAGGAGCTATTAATTTTATTGTTTCAATTATATTAATAAAAAATATTTCAATCAATTATGATCAAATTCCATTATTCCCATGATCAGTAAAAATTACAGCTATCCTTTTACTTTTATCTTTACCCGTATTAGCCGGAGCTATTACTATATTATTAACAGATCGAAACTTAAACACTTCATTTTTTGACCCCTCAGGGGGGGGAGACCCAATTCTTTACCAACATTTATTT	ZFMK	ZFMK-TIS-2604722	https://bolgermany.de/specimen/eb516123fe1673d1dbee9e486e872377	Germany, Nordrhein-Westfalen	50.68	6.9
Animalia, Arthropoda, Hexapoda, Insecta, Coleoptera, Cerambycidae	Phytoecia virgula	AATATTATATTTTATTTTCGCAATATGAGCTGGAATAATTGGAGCTTCACTAAGAATAATTATTCGAATAGAATTAAGAGCCCCTGGAAGATGAATTAATAATGATCAAATTTATAATACTATTATTACATCACATGCATTTGTAATAATTTTCTTTATAGTTATACCATTTATAATTGGGGGATTTGGTAATTGATTAGTACCACTAATAATTGGAGCCCCTGATATAGCATTCCCACGAATAAATAATATAAGATTTTGATTATTAATTCCTTCTTTATTCATATTATTAATAAGAAGAATTTTATCATCAGGATCAGGAACAGGATGAACAGTTTACCCTCCATTATCTTCAATTACATACCATTCATCTATTTCTGTAGATTGCACTATCTTTTCATTACACATTGCTGGAATCTCATCCATTATAGGAGCTATTAATTTTATTGTTTCAATTATATTAATAAAAAATATTTCAATCAATTATGATCAAATTCCATTATTCCCATGATCAGTAAAAATTACAGCTATCCTTTTACTTTTATCTTTACCCGTATTAGCCGGAGCTATTACTATATTATTAACAGATCGAAACTTAAACACTTCATTTTTTGACCCCTCAGGGGGGGGAGACCCAATTCTTTACCAACATTTATTT	ZFMK	ZFMK-TIS-2604723	https://bolgermany.de/specimen/36678765fee84935c998546bb9f08fe7	Nordrhein-Westfalen, Germany	50.68	6.89
Animalia, Arthropoda, Hexapoda, Insecta, Coleoptera, Cerambycidae	Phytoecia virgula	AATATTATATTTTATTTTCGCAATATGAGCTGGAATAATTGGAGCTTCACTAAGAATAATTATTCGAATAGAATTAAGAGCCCCTGGAAGATGAATTAATAATGATCAAATTTATAATACTATTATTACATCACATGCATTTGTAATAATTTTCTTTATAGTTATACCATTTATAATTGGGGGATTTGGTAATTGATTAGTACCACTAATAATTGGAGCCCCTGATATAGCATTCCCACGAATAAATAATATAAGATTTTGATTATTAATTCCTTCTTTATTCATATTATTAATAAGAAGAATTTTATCATCAGGATCAGGAACAGGATGAACAGTTTACCCTCCATTATCTTCAATTACATACCATTCATCTATTTCTGTAGATTGCACTATCTTTTCATTACACATTGCTGGAATCTCATCCATTATAGGAGCTATTAATTTTATTGTTTCAATTATATTAATAAAAAATATTTCAATCAATTATGATCAAATTCCATTATTCCCATGATCAGTAAAAATTACAGCTATCCTTTTACTTTTATCTTTACCCGTATTAGCCGGAGCTATTACTATATTATTAACAGATCGAAACTTAAACACTTCATTTTTTGACCCCTCAGGGGGGGGAGACCCAATTCTTTACCAACATTTATTT	ZFMK	ZFMK-TIS-2604727	https://bolgermany.de/specimen/32440d919a01d5530140c3f77e1aa440	Germany, Nordrhein-Westfalen	50.67	7.01
Animalia, Arthropoda, Hexapoda, Insecta, Coleoptera, Cerambycidae	Phytoecia virgula	AATATTATATTTTATTTTCGCAATATGAGCTGGAATAATTGGAGCTTCACTAAGAATAATTATTCGAATAGAATTAAGAGCCCCTGGAAGATGAATTAATAATGATCAAATTTATAATACTATTATTACATCACATGCATTTGTAATAATTTTCTTTATAGTTATACCATTTATAATTGGGGGATTTGGTAATTGATTAGTACCACTAATAATTGGAGCCCCTGATATAGCATTCCCACGAATAAATAATATAAGATTTTGATTATTAATTCCTTCTTTATTCATATTATTAATAAGAAGAATTTTATCATCAGGATCAGGAACAGGATGAACAGTTTACCCTCCATTATCTTCAATTACATACCATTCATCTATTTCTGTAGATTGCACTATCTTTTCATTACACATTGCTGGAATCTCATCCATTATAGGAGCTATTAATTTTATTGTTTCAATTATATTAATAAAAAATATTTCAATCAATTATGATCAAATTCCATTATTCCCATGATCAGTAAAAATTACAGCTATCCTTTTACTTTTATCTTTACCCGTATTAGCCGGAGCTATTACTATATTATTAACAGATCGAAACTTAAACACTTCATTTTTTGACCCCTCAGGGGGGGGAGACCCAATTCTTTACCAACATTTATTT	ZFMK	ZFMK-TIS-2604725	https://bolgermany.de/specimen/7b84ace0f6dee30c2cd22d3ca02c0357	Nordrhein-Westfalen, Germany	50.55	6.97
Animalia, Arthropoda, Hexapoda, Insecta, Coleoptera, Cerambycidae	Phytoecia virgula	AATATTATATTTTATTTTCGCAATATGAGCTGGAATAATTGGAGCTTCACTAAGAATAATTATTCGAATAGAATTAAGAGCCCCTGGAAGATGAATTAATAATGATCAAATTTATAATACTATTATTACATCACATGCATTTGTAATAATTTTCTTTATAGTTATACCATTTATAATTGGGGGATTTGGTAATTGATTAGTACCACTAATAATTGGAGCCCCTGATATAGCATTCCCACGAATAAATAATATAAGATTTTGATTATTAATTCCTTCTTTATTCATATTATTAATAAGAAGAATTTTATCATCAGGATCAGGAACAGGATGAACAGTTTACCCTCCATTATCTTCAATTACATACCATTCATCTATTTCTGTAGATTGCACTATCTTTTCATTACACATTGCTGGAATCTCATCCATTATAGGAGCTATTAATTTTATTGTTTCAATTATATTAATAAAAAATATTTCAATCAATTATGATCAAATTCCATTATTCCCATGATCAGTAAAAATTACAGCTATCCTTTTACTTTTATCTTTACCCGTATTAGCCGGAGCTATTACTATATTATTAACAGATCGAAACTTAAACACTTCATTTTTTGACCCCTCAGGGGGGGGAGACCCAATTCTTTACCAACATTTATTT	ZFMK	ZFMK-TIS-2604735	https://bolgermany.de/specimen/087ed71c2ecfee59f8d588427c04df2f	Germany, Nordrhein-Westfalen	50.61	6.92
