Animalia, Arthropoda, Hexapoda, Insecta, Coleoptera, Cerambycidae	Tetrops praeustus	GACCTTATATTTTATTTTTGGAGCTTGAGCCAGAATAGTAGGAACCTCTCTAAGGTTATTAATTCGATCAGAATTAGGTAGCCCCGGTTCTTTAATCGGAAATGATCAAATCTATAACACAATTGTTACTGCCCATGCCTTTATCATAATTTTTTTTATAGTTATACCAATCATAATTGGAGGATTTGGAAATTGACTAGTCCCTTTAATACTAGGGGCCCCAGATATAGCTTTTCCTCGTATAAATAATATAAGATTTTGATTGCTACCCCCTTCTTTAACTTTATTAATTATTAGAAGTATTGTAGAAAATGGTGCAGGAACAGGATGAACTGTTTATCCCCCCTTAGCTTCAAATATTGCTCATAGGGGATCTTCTGTAGATTTAGCAATTTTCAGACTTCATTTAGCCGGTGTCTCATCAATTCTTGGTGCTGTAAATTTTATTACAACTGTAATTAACATACGACCTAAAGGAATAGCTCTAGATCGTTTACCTCTATTTGTCTGAGCAGTTAAAATCACAGCTATTTTACTTTTATTATCTCTTCCAGTTTTAGCCGGAGCAATTACTATACTTCTAACAGACCGAAATTTAAATACATCATTTTTTGACCCTGCAAGAGGAGGAGATCCAATCTTATACCAACATTTATTT	ZSM	GBOL_Col_FK_2603;GBCOD703-13	https://bolgermany.de/specimen/87b84c87af3b7bdfa604d9d3af74434d	Saar-Nahe-Bergland, Rheinland-Pfalz, Germany	49.93	7.88
Animalia, Arthropoda, Hexapoda, Insecta, Coleoptera, Cerambycidae	Tetrops praeustus	AACCCTATATTTTATTTTTGGAGCTTGGGCTAGAATGGTAGGTACTTCCCTAAGGTTATTAATTCGTTCTGAACTTGGAAGACCAGGATCTTTAATTGGTAATGATCAAATTTATAATACAATTGTTACTGCTCATGCCTTTATTATAATTTTTTTTATAGTTATACCAATTATAATTGGAGGATTTGGAAATTGATTAGTTCCTTTAATGCTTGGGGCTCCTGATATAGCCTTTCCTCGTATAAATAATATAAGATTTTGGTTATTACCCCCTTCCTTAACTTTATTAATTATAAGAAGAATTGTAGAGAATGGAGCAGGAACTGGATGAACAGTTTACCCCCCTTTAGCTTCTAATATTACTCACAGAGGATCTTCTGTAGATTTAGCAATTTTTAGTCTTCATTTAGCTGGTGTGTCATCTATTCTCGGAGCTGTAAATTTTATTACAACTGTAATTAATATACGCCCTAATGGAATATCTTTAGACCGATTACCTCTCTTTGTTTGAGCAGTTAAAATTACAGCTATTCTCCTTCTCCTATCTTTACCAGTTTTAGCTGGGGCAATTACTATACTTTTAACAGATCGAAACTTAAATACATCATTTTTTGATCCTGCAAGAGGAGGAGATCCAATTCTATATCAACATTTATTT	ZFMK	ZFMK-TIS-5584	https://bolgermany.de/specimen/ca60d492f96758d11561da0232840bfd	Germany, Jena, Wöllnitz, Thüringen	50.9	11.63
Animalia, Arthropoda, Hexapoda, Insecta, Coleoptera, Cerambycidae	Tetrops praeustus	GACCTTATATTTTATTTTTGGAGCTTGAGCCAGAATAGTAGGAACCTCTCTAAGGTTATTAATTCGATCAGAATTAGGTAGCCCCGGTTCTTTAATCGGAAATGATCAAATCTATAACACAATTGTTACTGCCCATGCCTTTATCATAATTTTTTTTATAGTTATACCAATCATAATTGGAGGATTTGGAAATTGACTAGTCCCTTTAATACTAGGGGCCCCAGATATAGCTTTTCCTCGTATAAATAATATAAGATTTTGATTGCTACCCCCTTCTTTAACTTTATTAATTATTAGGAGTATTGTAGAAAATGGTGCAGGAACAGGATGAACTGTTTATCCCCCCTTAGCTTCAAATATTGCTCATAGGGGATCTTCTGTAGATTTAGCAATTTTCAGACTTCATTTAGCCGGTGTCTCATCAATTCTTGGTGCTGTAAATTTTATTACAACTGTAATTAATATACGACCTAAAGGAATAGCTCTAGATCGTTTACCTCTATTTGTCTGAGCAGTTAAAATCACAGCTATTTTACTTTTATTATCTCTTCCAGTTTTAGCCGGAGCAATTACTATACTTCTAACAGACCGAAATTTAAATACATCATTTTTTGACCCTGCAAGAGGAGGAGATCCAATCTTATACCAACATTTATTT	ZFMK	ZFMK-TIS-5647	https://bolgermany.de/specimen/ea452fb4dafe4c8497fd64cf18afca0a	Thüringen, Germany, Kyffhäuserkreis, Sachsenburg	51.22	11.09
Animalia, Arthropoda, Hexapoda, Insecta, Coleoptera, Cerambycidae	Tetrops praeustus	GACCTTATATTTTATTTTTGGAGCTTGAGCCAGAATAGTAGGAACCTCTCTAAGGTTATTAATTCGATCAGAATTAGGTAGCCCCGGTTCTTTAATCGGAAATGATCAAATCTATAACACAATTGTTACTGCCCATGCCTTTATCATAATTTTTTTTATAGTTATACCAATCATAATTGGAGGATTTGGAAATTGACTAGTCCCTTTAATACTAGGGGCCCCAGATATAGCTTTTCCTCGTATAAATAATATAAGATTTTGATTGCTACCCCCTTCTTTAACTTTATTAATTATTAGAAGTATTGTAGAAAATGGTGCAGGAACAGGATGAACTGTTTATCCCCCCTTAGCTTCAAATATTGCTCATAGGGGATCTTCTGTAGATTTAGCAATTTTCAGACTTCATTTAGCCGGTGTCTCATCAATTCTTGGTGCTGTAAATTTTATTACAACTGTAATTAACATACGACCTAAAGGAATAGCTCTAGATCGTTTACCTCTATTTGTCTGAGCAGTTAAAATCACAGCTATTTTACTTTTATTATCTCTTCCAGTTTTAGCCGGAGCAATTACTATACTTCTAACAGACCGAAATTTAAATACATCATTTTTTGACCCTGCAAGAGGAGGAGATCCAATCTTATACCAACATTTATTT	ZFMK	ZFMK-TIS-5612	https://bolgermany.de/specimen/89622b090fb7d425b6c8c316c6188fea	Germany, Osthausen, Thüringen	50.84	11.11
Animalia, Arthropoda, Hexapoda, Insecta, Coleoptera, Cerambycidae	Tetrops praeustus	AACCCTATATTTTATTTTTGGAGCTTGAGCTAGAATGGTAGGTACTTCCCTAAGATTATTAATTCGTTCTGAACTTGGAAGACCAGGATCTTTAATTGGTAATGATCAAATTTATAATACAATTGTTACTGCTCATGCCTTTATTATAATTTTTTTTATAGTTATACCAATTATAATTGGAGGATTTGGAAATTGATTAGTTCCTTTAATGCTTGGGGCTCCTGATATAGCCTTTCCTCGTATAAATAATATAAGATTTTGGTTATTGCCCCCTTCCTTAACTTTATTAATTATAAGAAGAATTGTAGAGAATGGAGCAGGAACTGGATGAACAGTTTACCCCCCTTTAGCTTCTAATATTGCTCACAGAGGATCTTCTGTAGATTTAGCAATTTTTAGTCTTCATTTAGCCGGTGTGTCATCTATTCTCGGAGCTGTAAATTTTATTACAACTGTAATTAATATACGTCCTAATGGAATATCTTTAGACCGATTACCTCTCTTTGTTTGAGCAGTTAAAATTACAGCTATTCTCCTTCTCCTATCTTTACCAGTTTTAGCTGGGGCAATTACTATACTTTTAACAGATCGAAACTTAAATACATCATTTTTTGATCCTGCAAGAGGAGGAGATCCAATTCTATATCAACATTTATTT	ZFMK	ZFMK-TIS-5857	https://bolgermany.de/specimen/e8db35f565b14216a9d755a6ca251a0e	Germany, Leisnig, Sachsen	51.09	12.93
Animalia, Arthropoda, Hexapoda, Insecta, Coleoptera, Cerambycidae	Tetrops praeustus	AACCCTATATTTTATTTTTGGAGCTTGAGCTAGAATGGTAGGTACTTCCCTAAGATTATTAATTCGTTCTGAACTTGGAAGACCAGGATCTTTAATTGGTAATGATCAAATTTATAATACAATTGTTACTGCTCATGCCTTTATTATAATTTTTTTTATAGTTATACCAATTATAATTGGAGGATTTGGAAATTGATTAGTTCCTTTAATGCTTGGGGCTCCTGATATAGCCTTTCCTCGTATAAATAATATAAGATTTTGGTTATTACCCCCTTCCTTAACTTTATTAATTATAAGAAGAATTGTAGAGAATGGAGCAGGAACTGGATGAACAGTTTACCCCCCTTTAGCTTCTAATATTGCTCACAGAGGATCTTCTGTAGATTTAGCAATTTTTAGTCTTCATTTAGCCGGTGTGTCATCTATTCTTGGAGCTGTAAATTTTATTACAACTGTAATTAATATACGTCCTAATGGAATATCTTTAGACCGATTACCGCTCTTTGTTTGAGCAGTTAAAATTACAGCTATTCTCCTTCTCCTATCTTTACCAGTTTTAGCTGGGGCAATTACTATACTTTTAACAGATCGAAACTTAAATACATCATTTTTTGATCCTGCAAGAGGAGGAGATCCAATTCTATATCAACATTTATTT	ZFMK	ZFMK-TIS-5585	https://bolgermany.de/specimen/a8f36451171de782beb75a592f656726	Thüringen, Germany, Jena, Wöllnitz	50.87	11.68
Animalia, Arthropoda, Hexapoda, Insecta, Coleoptera, Cerambycidae	Tetrops praeustus	GACCTTATATTTTATTTTTGGAGCTTGAGCCAGAATAGTAGGAACCTCTCTAAGGTTATTAATTCGATCAGAATTAGGTAGCCCCGGTTCTTTAATCGGAAATGATCAAATCTATAACACAATTGTTACTGCCCATGCCTTTATCATAATTTTTTTTATAGTTATACCAATCATAATTGGAGGATTTGGAAATTGACTAGTCCCTTTAATACTAGGGGCCCCAGATATAGCTTTTCCTCGTATAAATAATATAAGATTTTGATTGCTACCCCCTTCTTTAACTTTATTAATTATTAGGAGTATTGTAGAAAATGGTGCAGGAACAGGATGAACTGTTTATCCCCCCTTAGCTTCAAATATTGCTCATAGGGGATCTTCTGTAGATTTAGCAATTTTCAGACTTCATTTAGCCGGTGTCTCATCAATTCTTGGTGCTGTAAATTTTATTACAACTGTAATTAATATACGACCTAAAGGAATAGCTCTAGATCGTTTACCTCTATTTGTCTGAGCAGTTAAAATCACAGCTATTTTACTTTTATTATCTCTTCCAGTTTTAGCCGGAGCAATTACTATACTTCTAACAGACCGAAATTTAAATACATCATTTTTTGACCCTGCAAGAGGAGGAAATCCAATCTTATACCAACATTTATTT	ZFMK	ZFMK-TIS-10321	https://bolgermany.de/specimen/1fba910cd2570700c90a518474b976b4	Thüringen, Germany, Eichfeld	50.77	11.23
Animalia, Arthropoda, Hexapoda, Insecta, Coleoptera, Cerambycidae	Tetrops praeustus	AACCCTATATTTTATTTTTGGAGCTTGGGCTAGAATGGTAGGTACTTCCCTAAGGTTATTAATTCGTTCTGAACTTGGAAGACCAGGATCTTTAATTGGTAATGATCAAATTTATAATACAATTGTTACTGCTCATGCCTTTATTATAATTTTTTTTATAGTTATACCAATTATAATTGGAGGATTTGGAAATTGATTAGTTCCTTTAATGCTTGGGGCTCCTGATATAGCCTTTCCTCGTATAAATAATATAAGATTTTGGTTATTACCCCCTTCCTTAACTTTATTAATTATAAGAAGAATTGTAGAGAATGGAGCAGGAACTGGATGAACAGTTTACCCCCCTTTAGCTTCTAATATTGCTCACAGAGGATCTTCTGTAGATTTAGCAATTTTTAGTCTTCATTTAGCTGGTGTGTCATCTATTCTCGGAGCTGTAAATTTTATTACAACTGTAATTAATATACGCCCTAATGGAATATCTTTAGACCGATTACCTCTCTTTGTCTGAGCAGTTAAAATTACAGCTATTCTCCTTCTCCTATCTTTACCAGTTTTAGCTGGGGCAATTACTATACTTTTAACAGATCGAAACTTAAATACATCATTTTTTGATCCTGCAAGAGGAGGAGATCCAATTCTATATCAACATTTATTT	ZFMK	ZFMK-TIS-21644	https://bolgermany.de/specimen/1ff4536891b881374a68292f7405a575	Germany, Plaidt, Rheinland-Pfalz	50.42	7.38
Animalia, Arthropoda, Hexapoda, Insecta, Coleoptera, Cerambycidae	Tetrops praeustus	GACCTTATATTTTATTTTTGGAGCTTGAGCCAGRATAGTAGGAACCTCTCTAAGGTTATTAATTCGATCAGAATTAGGTAGCCCCGGTTCTTTAATCGGAAATGATCAAATCTATAACACAATTGTTACTGCCCATGCCTTTATCATAATTTTTTTTATAGTTATACCAATCATAATTGGAGGATTTGGAAATTGACTAGTCCCTTTAATACTAGGGGCCCCAGATATAGCTTTTCCTCGTATAAATAATATAAGATTTTGATTGCTACCCCCTTCTTTAACTTTATTAATTATTAGAAGTATTGTAGAAAATGGTGCAGGAACAGGATGAACTGTTTATCCCCCCTTAGCTTCAAATATTGCTCATAGGGGATCTTCTGTAGATTTAGCAATTTTCAGACTTCATTTAGCCGGTGTCTCATCAATTCTTGGTGCTGTAAATTTTATTACAACTGTAATTAACATACGACCTAAAGGAATAGCTCTAGATCGTTTACCTCTATTTGTCTGAGCAGTTAAAATCACAGCTATTTTACTTTTATTATCTCTTCCAGTTTTAGCCGGAGCAATTACTATACTTCTAACAGACCGAAATTTAAATACATCATTTTTTGACCCTGCAAGAGGAGGAGATCCAATCTTATACCAACATTTATTT	ZFMK	ZFMK-TIS-21643	https://bolgermany.de/specimen/94ae45f88bfaf4f9da34ad713629350c	Rheinland-Pfalz, Germany, Plaidt	50.31	7.47
Animalia, Arthropoda, Hexapoda, Insecta, Coleoptera, Cerambycidae	Tetrops praeustus	GACCTTATATTTTATTTTTGGAGCTTGAGCCAGAATAGTAGGAACCTCTCTAAGGTTATTAATTCGATCAGAATTAGGTAGCCCCGGTTCTTTAATCGGAAATGATCAAATCTATAACACAATTGTTACTGCCCATGCCTTTATCATAATTTTTTTTATAGTTATACCAATCATAATTGGAGGATTTGGAAATTGACTAGTCCCTTTAATACTAGGGGCCCCAGATATAGCTTTTCCTCGTATAAATAATATAAGATTTTGATTGCTACCCCCTTCTTTAACTTTATTAATTATTAGGAGTATTGTAGAAAATGGTGCAGGAACAGGATGAACTGTTTATCCCCCCTTAGCTTCAAATATTGCTCATAGGGGATCTTCTGTAGATTTAGCAATTTTCAGACTTCATTTAGCCGGTGTCTCATCAATTCTTGGTGCTGTAAATTTTATTACAACTGTAATTAATATACGACCTAAAGGAATAGCTCTAGATCGTTTACCTCTATTTGTCTGAGCAGTTAAAATCACAGCTATTTTACTTTTATTATCTCTTCCAGTTTTAGCCGGAGCAATTACTATACTTCTAACAGACCGAAATTTAAATACATCATTTTTTGACCCTGCAAGAGGAGGAGATCCAATCTTATACCAACATTTATTT	ZFMK	ZFMK-TIS-2524147	https://bolgermany.de/specimen/cbb6d43d2446b21bcd1be52f5e06f8a6	Sachsen-Anhalt, Germany, Halberstadt, Lkr. Harz	51.87	10.93
Animalia, Arthropoda, Hexapoda, Insecta, Coleoptera, Cerambycidae	Tetrops praeustus	GACCTTATATTTTATTTTTGGAGCTTGAGCCAGAATAGTAGGAACCTCTCTAAGGTTATTAATTCGATCAGAATTAGGTAGCCCCGGTTCTTTAATCGGAAATGATCAAATCTATAACACAATTGTTACTGCCCATGCCTTTATCATAATTTTTTTTATAGTTATACCAATCATAATTGGAGGATTTGGAAATTGACTAGTCCCTTTAATACTAGGGGCCCCAGATATAGCTTTTCCTCGTATAAATAATATAAGATTTTGATTGCTACCCCCTTCTTTAACTTTATTAATTATTAGGAGTATTGTAGAAAATGGTGCAGGAACAGGATGAACTGTTTATCCCCCCTTAGCTTCAAATATTGCTCATAGGGGATCTTCTGTAGATTTAGCAATTTTCAGACTTCATTTAGCCGGTGTCTCATCAATTCTTGGTGCTGTAAATTTTATTACAACTGTAATTAATATACGACCTAAAGGAATAGCTCTAGATCGTTTACCTCTATTTGTCTGAGCAGTTAAAATCACAGCTATTTTACTTTTATTATCTCTTCCAGTTTTAGCCGGAGCAATTACTATACTTCTAACAGACCGAAATTTAAATACATCATTTTTTGACCCTGCAAGAGGAGGAGATCCAATCTTATACCAACATTTATTT	ZFMK	ZFMK-TIS-2524156	https://bolgermany.de/specimen/54e489e00b7f278e4af13bc504a27eef	Germany, Halberstadt, Lkr. Harz, Sachsen-Anhalt	51.89	10.93
Animalia, Arthropoda, Hexapoda, Insecta, Coleoptera, Cerambycidae	Tetrops praeustus	GACCTTATATTTTATTTTTGGAGCTTGAGCCAGAATAGTAGGAACCTCTCTAAGGTTATTAATTCGATCAGAATTAGGTAGCCCCGGTTCTTTAATCGGAAATGATCAAATCTATAACACAATTGTTACTGCCCATGCCTTTATCATAATTTTTTTTATAGTTATACCAATCATAATTGGAGGATTTGGAAATTGACTAGTCCCTTTAATACTAGGGGCCCCAGATATAGCTTTTCCTCGTATAAATAATATAAGATTTTGATTGCTACCCCCTTCTTTAACTTTATTAATTATTAGGAGTATTGTAGAAAATGGTGCAGGAACAGGATGAACTGTTTATCCCCCCTTAGCTTCAAATATTGCTCATAGGGGATCTTCTGTAGATTTAGCAATTTTCAGACTTCATTTAGCCGGTGTCTCATCAATTCTTGGTGCTGTAAATTTTATTACAACTGTAATTAATATACGACCTAAAGGAATAGCTCTAGATCGTTTACCTCTATTTGTCTGAGCAGTTAAAATCACAGCTATTTTACTTTTATTATCTCTTCCAGTTTTAGCCGGAGCAATTACTATACTTCTAACAGACCGAAATTTAAATACATCATTTTTTGACCCTGCAAGAGGAGGAGATCCAATCTTATACCAACATTTATTT	ZFMK	ZFMK-TIS-2536525	https://bolgermany.de/specimen/3ff85c25b50fca368564dd09da049856	Sachsen, Germany, Leisnig	51.07	12.93
Animalia, Arthropoda, Hexapoda, Insecta, Coleoptera, Cerambycidae	Tetrops praeustus	GACCTTATATTTTATTTTTGGAGCTTGAGCCAGAATAGTAGGAACCTCTCTAAGGTTATTAATTCGATCAGAATTAGGTAGCCCCGGTTCTTTAATCGGAAATGATCAAATCTATAACACAATTGTTACTGCCCATGCCTTTATCATAATTTTTTTTATAGTTATACCAATCATAATTGGAGGATTTGGAAATTGACTAGTCCCTTTAATACTAGGGGCCCCAGATATAGCTTTTCCTCGTATAAATAATATAAGATTTTGATTGCTACCCCCTTCTTTAACTTTATTAATTATTAGAAGTATTGTAGAAAATGGTGCAGGAACAGGATGAACTGTTTATCCCCCCTTAGCTTCAAATATTGCTCATAGGGGATCTTCTGTAGATTTAGCAATTTTCAGACTTCATTTAGCCGGTGTCTCATCAATTCTTGGTGCTGTAAATTTTATTACAACTGTAATTAACATACGACCTAAAGGAATAGCTCTAGATCGTTTACCTCTATTTGTCTGAGCAGTTAAAATCACAGCTATTTTACTTTTATTATCTCTTCCAGTTTTAGCCGGAGCAATTACTATACTTCTAACAGACCGAAATTTAAATACATCATTTTTTGACCCTGCAAGAGGAGGAGATCCAATCTTATACCAACATTTATTT	ZSM	BFB_Col_FK_8884;FBCOG999-12	https://bolgermany.de/specimen/bca6a12906f1b1845c5b8d3c6f0eee74	Germany, Niederrheinische Bucht, Nordrhein-Westfalen	50.76	6.93
Animalia, Arthropoda, Hexapoda, Insecta, Coleoptera, Cerambycidae	Tetrops praeustus	GACCTTATATTTTATTTTTGGAGCTTGAGCCAGAATAGTAGGAACCTCTCTAAGGTTATTAATTCGATCAGAATTAGGTAGCCCCGGTTCTTTAATCGGAAATGATCAAATCTATAACACAATTGTTACTGCCCATGCCTTTATCATAATTTTTTTTATAGTTATACCAATCATAATTGGAGGATTTGGAAATTGACTAGTCCCTTTAATACTAGGGGCCCCAGATATAGCTTTTCCTCGTATAAATAATATAAGATTTTGATTGCTACCCCCTTCTTTAACTTTATTAATTATTAGAAGTATTGTAGAAAATGGTGCAGGAACAGGATGAACTGTTTATCCCCCCTTAGCTTCAAATATTGCTCATAGGGGATCTTCTGTAGATTTAGCAATTTTCAGACTTCATTTAGCCGGTGTCTCATCAATTCTTGGTGCTGTAAATTTTATTACAACTGTAATTAACATACGACCTAAAGGAATAGCTCTAGATCGTTTACCTCTATTTGTCTGAGCAGTTAAAATCACAGCTATTTTACTTTTATTATCTCTTCCAGTTTTAGCCGGAGCAATTACTATACTTCTAACAGACCGAAATTTAAATACATCATTTTTTGACCCTGCAAGAGGGGGAGATCCAATCTTATACCAACATTTATTT	ZSM	GBOL_Col_FK_1802;GBCOC567-12	https://bolgermany.de/specimen/3edad8c8659260d7570fbfa1d53eff47	Nordrhein-Westfalen, Germany, Niederrheinische Bucht	50.76	6.93
Animalia, Arthropoda, Hexapoda, Insecta, Coleoptera, Cerambycidae	Tetrops starkii	AACTTTATATTTTATTTTTGGAGCTTGAGCTAGAATAGTAGGTACTTCTNTAAGATTATTAATTCGTTCTGAACTTGGAAGACCAGGATCTTTAATTGGTAATGATCAAATTTATAATACAATTGTTACTGCTCATGCCTTTATTATAATTTTTTTTATAGTTATACCAATTATAATTGGAGGATTTGGAAATTGATTAGTTCCTTTAATGCTTGGAGCTCCAGATATAGCTTTTCCTCGTATAAATAATATAAGATTTTGGTTATTACCCCCTTCCTTAACTTTATTAATTATAAGAAGAATTGTAGAAAATGGAGCAGGAACTGGATGAACAGTTTACCCTCCNTTAGCTTCTAATATTGCTCANAGAGGATCTTCTGTAGATTTAGCAATTTTTAGTCTTCATTTNGCCGGNGTATCATCTATTCTTGGGGCTGTAAATTTTATTACAACTGTAATTAATATACGCCCTAATGGAATATCTTTAGACCGATTACCTCTCTTTGTTTGAGCAGTTAAAATTACAGCTATTCTCCTTCTCCTATCTTTACCAGTTTTAGCTGGAGCAATTACTATACTTTTAACAGATCGAAACTTAAATACATCATTTTTTGATCCTGCTAGAGGAGGAGATCCAATTCTATATCAACATTTATTT	ZSM	BFB_Col_FK_9283;FBCOG1398-12	https://bolgermany.de/specimen/36488720d17d7c9a3534e93ec2c330ea	Germany, Muenchener Ebene, Bayern	48.23	11.3
Animalia, Arthropoda, Hexapoda, Insecta, Coleoptera, Cerambycidae	Tetrops starkii	AACCCTATATTTTATTTTTGGAGCTTGGGCTAGAATGGTAGGTACTTCCCTAAGGTTATTAATTCGTTCTGAACTTGGAAGACCAGGATCTTTAATTGGTAATGATCAAATTTATAATACAATTGTTACTGCTCATGCCTTTATTATAATTTTTTTTATAGTTATACCAATTATAATTGGAGGATTTGGAAATTGATTAGTTCCTTTAATGCTTGGGGCTCCTGATATAGCCTTTCCTCGTATAAATAATATAAGATTTTGGTTATTACCCCCTTCCTTAACTTTATTAATTATAAGAAGAATTGTAGAGAATGGAGCAGGAACTGGATGAACAGTTTACCCCCCTTTAGCTTCTAATATTACTCACAGAGGATCTTCTGTAGATTTAGCAATTTTTAGTCTTCATTTAGCTGGTGTGTCATCTATTCTCGGAGCTGTAAATTTTATTACAACTGTAATTAATATACGCCCTAATGGAATATCTTTAGACCGATTACCTCTCTTTGTTTGAGCAGTTAAAATTACAGCTATTCTCCTTCTCCTATCTTTACCAGTTTTAGCTGGGGCAATTACTATACTTTTAACAGATCGAAACTTAAATACATCATTTTTTGATCCTGCAAGAGGAGGAGATCCAATTCTATATCAACATTTATTT	ZSM	GBOL_Col_FK_1595;GBCOC360-12	https://bolgermany.de/specimen/42835d852b22c222e4a3577fdec69106	Germany, Leipziger Tieflandsbucht, Thüringen	50.97	12.52
Animalia, Arthropoda, Hexapoda, Insecta, Coleoptera, Cerambycidae	Tetrops starkii	AACTTTATATTTTATTTTTGGAGCTTGAGCTAGAATAGTAGGTACTTCTCTAAGATTATTAATTCGTTCTGAACTTGGAAGACCAGGATCTTTAATTGGTAATGATCAAATTTATAATACAATTGTTACTGCTCATGCCTTTATTATAATTTTTTTTATAGTTATACCAATTATAATTGGAGGATTTGGAAATTGATTAGTTCCTTTAATGCTTGGAGCTCCAGATATAGCTTTTCCTCGTATAAATAATATAAGATTTTGGTTATTACCCCCTTCCTTAACTTTATTAATTATAAGAAGAATTGTAGAAAATGGAGCAGGAACTGGATGAACAGTTTACCCTCCCTTAGCTTCTAATATTGCTCATAGAGGATCTTCTGTAGATTTAGCAATTTTTAGTCTTCATTTGGCTGGTGTATCATCTATTCTTGGGGCTGTAAATTTTATTACAACTGTAATTAATATACGCCCTAATGGAATATCTTTAGACCGATTACCTCTCTTTGTTTGAGCAGTTAAAATTACAGCTATTCTCCTTCTCCTATCTTTACCAGTTTTAGCTGGAGCAATTACTATACTTTTAACAGATCGAAACTTAAATACATCATTTTTTGATCCTGCTAGAGGAGGAGATCCAATTCTATATCAACATTTATTT	ZSM	GBOL01039;GBCOU561-13	https://bolgermany.de/specimen/81430a950cd27c74ece5f90c2bc3cca1	Bayern, Germany	48.21	11.1
Animalia, Arthropoda, Hexapoda, Insecta, Coleoptera, Cerambycidae	Tetrops starkii	AACCTTATATTTTATTTTTGGAGCTTGAGCCAGAATAATTGGAACTTCATTAAGATTATTAATTCGATCAGAATTAGGAAACCCAGGATCTTTGATTGGAAATGATCAAATTTATAATACTATTGTTACTGCTCATGCCTTTATTATAATTTTCTTTATAGTTATACCAATTATAATTGGCGGATTCGGAAATTGATTAATCCCCTTAATATTAGGTGCCCCAGATATAGCCTTTCCTCGAATAAATAATATAAGTTTTTGATTACTACCCCCATCATTAATTTTATTAATTATAAGAAGAATTGTAGAAAATGGAGCAGGAACAGGATGAACTGTTTATCCTCCATTAGCCTCTAATATTGCCCATAGAGGACCATCTGTAGATTTAGCTATTTTCAGATTACATTTAGCAGGAATCTCATCTATTTTAGGAGCAGTAAATTTTATTACTACAGTAATTAATATACGTCCTAAAGAAATATCTTTAGATCAATTATCTTTATTTATTTGAGCAGTTAAAATTACTGCTATTCTTTTACTTTTATCTTTACCAGTTCTAGCAGGAGCTATTACTATACTTTTAACAGATCGAAACTTAAATACATCATTTTTTGACCCAGCTAGAGGAGGAGATCCAATTCTTTACCAACATTTATTT	ZFMK	ZFMK-TIS-5633	https://bolgermany.de/specimen/0915710f954c76199d27fb10c5f0e421	Thüringen, Germany, Kyffhäuserkreis, Sachsenburg	51.27	11.1
Animalia, Arthropoda, Hexapoda, Insecta, Coleoptera, Cerambycidae	Tetrops starkii	AACCTTATATTTTATTTTTGGAGCTTGAGCCAGAATAATTGGAACTTCATTAAGATTATTAATTCGATCAGAATTAGGAAACCCAGGATCTTTGATTGGAAATGATCAAATTTATAATACTATTGTTACTGCTCATGCCTTTATTATAATTTTCTTTATAGTTATACCAATTATAATTGGCGGATTCGGAAATTGATTAATCCCCTTAATATTAGGTGCCCCAGATATAGCCTTTCCTCGAATAAATAATATAAGTTTTTGATTACTACCCCCATCATTAATTTTATTAATTATAAGAAGAATTGTAGAAAATGGAGCAGGAACAGGATGAACTGTTTATCCTCCATTAGCCTCTAATATTGCCCATAGAGGACCATCTGTAGATTTAGCTATTTTCAGATTACATTTAGCAGGAATCTCATCTATTTTAGGAGCAGTAAATTTTATTACTACAGTAATTAATATACGTCCTAAAGAAATATCTTTAGATCAATTATCTTTATTTATTTGAGCAGTTAAAATTACTGCTATTCTTTTACTTTTATCTTTACCAGTTCTAGCAGGAGCTATTACTATACTTTTAACAGATCGAAACTTAAATACATCATTTTTTGACCCAGCTAGAGGAGGAGATCCAATTCTTTACCAACATTTATTT	ZFMK	ZFMK-TIS-5739	https://bolgermany.de/specimen/37eed0f6b54cecd336ad2aa38a8e1594	Thüringen, Germany, Erfurt, Kerspleben	51.01	11.06
Animalia, Arthropoda, Hexapoda, Insecta, Coleoptera, Cerambycidae	Tetrops starkii	AACCTTATATTTTATTTTTGGAGCTTGAGCCAGAATAATTGGAACTTCATTAAGATTATTAATTCGATCAGAATTAGGAAACCCAGGATCTTTGATTGGAAATGATCAAATTTATAATACTATTGTTACTGCTCATGCCTTTATTATAATTTTCTTTATAGTTATACCAATTATAATTGGCGGATTCGGAAATTGATTAATCCCCTTAATATTAGGTGCCCCAGATATAGCCTTTCCTCGAATAAATAATATAAGTTTTTGATTACTACCCCCATCATTAATTTTATTAATTATAAGAAGAATTGTAGAAAATGGAGCAGGAACAGGATGAACTGTTTATCCTCCATTAGCCTCTAATATTGCCCATAGAGGACCATCTGTAGATTTAGCTATTTTCAGATTACATTTAGCAGGAATCTCATCTATTTTAGGAGCAGTAAATTTTATTACTACAGTAATTAATATACGTCCTAAAGAAATATCTTTAGATCAATTATCTTTATTTATTTGAGCAGTTAAAATTACTGCTATTCTTTTACTTTTATCTTTACCAGTTCTAGCAGGAGCTATTACTATACTTTTAACAGATCGAAACTTAAATACATCATTTTTTGACCCAGCTAGAGGAGGAGATCCAATTCTTTACCAACATTTATTT	ZFMK	ZFMK-TIS-17373	https://bolgermany.de/specimen/d276e6d7212ab2677fb7642abcf43130	Germany, Erfurt, Kerspleben, Thüringen	51.05	11.09
Animalia, Arthropoda, Hexapoda, Insecta, Coleoptera, Cerambycidae	Tetrops starkii	AACCTTATATTTTATTTTTGGAGCTTGAGCCAGAATAATTGGAACTTCATTAAGATTATTAATTCGATCAGAATTAGGAAACCCAGGATCTTTGATTGGAAATGATCAAATTTATAATACTATTGTTACTGCTCATGCCTTTATTATAATTTTCTTTATAGTTATACCAATTATAATTGGCGGATTCGGAAATTGATTAATCCCCTTAATATTAGGTGCCCCAGATATAGCCTTTCCTCGAATAAATAATATAAGTTTTTGATTACTACCCCCATCATTAATTTTATTAATTATAAGAAGAATTGTAGAAAATGGAGCAGGAACAGGATGAACTGTTTATCCTCCATTAGCCTCTAATATTGCCCATAGAGGACCATCTGTAGATTTAGCTATTTTCAGATTACATTTAGCAGGAATCTCATCTATTTTAGGAGCAGTAAATTTTATTACTACAGTAATTAATATACGTCCTAAAGAAATATCTTTAGATCAATTATCTTTATTTATTTGAGCAGTTAAAATTACTGCTATTCTTTTACTTTTATCTTTACCAGTTCTAGCAGGAGCTATTACTATACTTTTAACAGATCGAAACTTAAATACATCATTTTTTGACCCAGCTAGAGGAGGAGATCCAATTCTTTACCAACATTTATTT	ZFMK	ZFMK-TIS-17374	https://bolgermany.de/specimen/1f76f4aea2896afee15dbefc71d01c75	Thüringen, Germany, Erfurt, Kerspleben	51.05	11.12
Animalia, Arthropoda, Hexapoda, Insecta, Coleoptera, Cerambycidae	Tetrops starkii	AACCTTATATTTTATTTTTGGAGCTTGAGCCAGAATAATTGGAACTTCATTAAGATTATTAATTCGATCAGAATTAGGAAACCCAGGATCTTTGATTGGAAATGATCAAATTTATAATACTATTGTTACTGCTCATGCCTTTATTATAATTTTCTTTATAGTTATACCAATTATAATTGGCGGATTCGGAAATTGATTAATCCCCTTAATATTAGGTGCCCCAGATATAGCCTTTCCTCGAATAAATAATATAAGTTTTTGATTACTACCCCCATCATTAATTTTATTAATTATAAGAAGAATTGTAGAAAATGGAGCAGGAACAGGATGAACTGTTTATCCTCCATTAGCCTCTAATATTGCCCATAGAGGACCATCTGTAGATTTAGCTATTTTCAGATTACATTTAGCAGGAATCTCATCTATTTTAGGAGCAGTAAATTTTATTACTACAGTAATTAATATACGTCCTAAAGAAATATCTTTAGATCAATTATCTTTATTTATTTGAGCAGTTAAAATTACTGCTATTCTTTTACTTTTATCTTTACCAGTTCTAGCAGGAGCTATTACTATACTTTTAACAGATCGAAACTTAAATACATCATTTTTTGACCCAGCTAGAGGAGGAGATCCAATTCTTTACCAACATTTATTT	ZFMK	ZFMK-TIS-17375	https://bolgermany.de/specimen/8d7a65064d639f1f29c1ddb37b85a2ac	Germany, Erfurt, Kerspleben, Thüringen	51.02	11.07
Animalia, Arthropoda, Hexapoda, Insecta, Coleoptera, Cerambycidae	Tetrops starkii	AACCTTATATTTTATTTTTGGAGCTTGAGCCAGAATAATTGGAACTTCATTAAGATTATTAATTCGATCAGAATTAGGAAACCCAGGATCTTTGATTGGAAATGATCAAATTTATAATACTATTGTTACTGCTCATGCCTTTATTATAATTTTCTTTATAGTTATACCAATTATAATTGGCGGATTCGGAAATTGATTAATCCCCTTAATATTAGGTGCCCCAGATATAGCCTTTCCTCGAATAAATAATATAAGTTTTTGATTACTACCCCCATCATTAATTTTATTAATTATAAGAAGAATTGTAGAAAATGGAGCAGGAACAGGATGAACTGTTTATCCTCCATTAGCCTCTAATATTGCCCATAGAGGACCATCTGTAGATTTAGCTATTTTCAGATTACATTTAGCAGGAATCTCATCTATTTTAGGAGCAGTAAATTTTATTACTACAGTAATTAATATACGTCCTAAAGAAATATCTTTAGATCAATTATCTTTATTTATTTGAGCAGTTAAAATTACTGCTATTCTTTTACTTTTATCTTTACCAGTTCTAGCAGGAGCTATTACTATACTTTTAACAGATCGAAACTTAAATACATCATTTTTTGACCCAGCTAGAGGAGGAGATCCAATTCTTTACCAACATTTATTT	ZFMK	ZFMK-TIS-17376	https://bolgermany.de/specimen/906974a7a85fdc5971f5130cc143581f	Thüringen, Germany, Erfurt, Kerspleben	51.07	11.08
Animalia, Arthropoda, Hexapoda, Insecta, Coleoptera, Cerambycidae	Tetrops starkii	AACCTTATATTTTATTTTTGGAGCTTGAGCCAGAATAATTGGAACTTCATTAAGATTATTAATTCGATCAGAATTAGGAAACCCAGGATCTTTGATTGGAAATGATCAAATTTATAATACTATTGTTACTGCTCATGCCTTTATTATAATTTTCTTTATAGTTATACCAATTATAATTGGCGGATTCGGAAATTGATTAATCCCCTTAATATTAGGTGCCCCAGATATAGCCTTTCCTCGAATAAATAATATAAGTTTTTGATTACTACCCCCATCATTAATTTTATTAATTATAAGAAGAATTGTAGAAAATGGAGCAGGAACAGGATGAACTGTTTATCCTCCATTAGCCTCTAATATTGCCCATAGAGGACCATCTGTAGATTTAGCTATTTTCAGATTACATTTAGCAGGAATCTCATCTATTTTAGGAGCAGTAAATTTTATTACTACAGTAATTAATATACGTCCTAAAGAAATATCTTTAGATCAATTATCTTTATTTATTTGAGCAGTTAAAATTACTGCTATTCTTTTACTTTTATCTTTACCAGTTCTAGCAGGAGCTATTACTATACTTTTAACAGATCGAAACTTAAATACATCATTTTTTGACCCAGCTAGAGGAGGAGATCCAATTCTTTACCAACATTTATTT	ZFMK	ZFMK-TIS-2505619	https://bolgermany.de/specimen/20a3372e63773e67afefe7c8eb3758d9	Thüringen, Germany, Ichtershausen, Eischleben	50.97	11.03
Animalia, Arthropoda, Hexapoda, Insecta, Coleoptera, Cerambycidae	Tetrops starkii	AACCTTATATTTTATTTTTGGAGCTTGAGCCAGAATAATTGGAACTTCATTAAGATTATTAATTCGATCAGAATTAGGAAACCCAGGATCTTTGATTGGAAATGATCAAATTTATAATACTATTGTTACTGCTCATGCCTTTATTATAATTTTCTTTATAGTTATACCAATTATAATTGGCGGATTCGGAAATTGATTAATCCCCTTAATATTAGGTGCCCCAGATATAGCCTTTCCTCGAATAAATAATATAAGTTTTTGATTACTACCCCCATCATTAATTTTATTAATTATAAGAAGAATTGTAGAAAATGGAGCAGGAACAGGATGAACTGTTTATCCTCCATTAGCCTCTAATATTGCCCATAGAGGACCATCTGTAGATTTAGCTATTTTCAGATTACATTTAGCAGGAATCTCATCTATTTTAGGAGCAGTAAATTTTATTACTACAGTAATTAATATACGTCCTAAAGAAATATCTTTAGATCAATTATCTTTATTTATTTGAGCAGTTAAAATTACTGCTATTCTTTTACTTTTATCTTTACCAGTTCTAGCAGGAGCTATTACTATACTTTTAACAGATCGAAACTTAAATACATCATTTTTTGACCCAGCTAGAGGAGGAGATCCAATTCTTTACCAACATTTATTT	ZFMK	ZFMK-TIS-2529823	https://bolgermany.de/specimen/c92221a78d55d33b2f0aad4ecac16726	Sachsen-Anhalt, Germany, Huy, Paulskopf	51.89	11.14
Animalia, Arthropoda, Hexapoda, Insecta, Coleoptera, Cerambycidae	Tetrops starkii	AACCTTATATTTTATTTTTGGAGCTTGAGCCAGAATAATTGGAACTTCATTAAGATTATTAATTCGATCAGAATTAGGAAACCCAGGATCTTTGATTGGAAATGATCAAATTTATAATACTATTGTTACTGCTCATGCCTTTATTATAATTTTCTTTATAGTTATACCAATTATAATTGGCGGATTCGGAAATTGATTAATCCCCTTAATATTAGGTGCCCCAGATATAGCCTTTCCTCGAATAAATAATATAAGTTTTTGATTACTACCCCCATCATTAATTTTATTAATTATAAGAAGAATTGTAGAAAATGGAGCAGGAACAGGATGAACTGTTTATCCTCCATTAGCCTCTAATATTGCCCATAGAGGACCATCTGTAGATTTAGCTATTTTCAGATTACATTTAGCAGGAATCTCATCTATTTTAGGAGCAGTAAATTTTATTACTACAGTAATTAATATACGTCCTAAAGAAATATCTTTAGATCAATTATCTTTATTTATTTGAGCAGTTAAAATTACTGCTATTCTTTTACTTTTATCTTTACCAGTTCTAGCAGGAGCTATTACTATACTTTTAACAGATCGAAACTTAAATACATCATTTTTTGACCCAGCTAGAGGAGGAGATCCAATTCTTTACCAACATTTATTT	ZFMK	ZFMK-TIS-2550646	https://bolgermany.de/specimen/a68f7126dd5b1fca300c1418c3dbf3da	Sachsen-Anhalt, Germany, Osterwieck, Lkr. Harz	51.97	10.68
